Category,Segment,Product,ProductID
Urban,Convenience,Maximus UC-01,536
Urban,Convenience,Maximus UC-02,537
Urban,Convenience,Maximus UC-03,538
Urban,Convenience,Maximus UC-04,539
Urban,Convenience,Maximus UC-05,540
Urban,Convenience,Maximus UC-06,541
Urban,Convenience,Maximus UC-07,542
Urban,Convenience,Maximus UC-08,543
Urban,Convenience,Maximus UC-09,544
Urban,Convenience,Maximus UC-10,545
Urban,Convenience,Maximus UC-11,546
Urban,Convenience,Maximus UC-12,547
Urban,Convenience,Maximus UC-13,548
Urban,Convenience,Maximus UC-14,549
Urban,Convenience,Maximus UC-15,550
Urban,Convenience,Maximus UC-16,551
Urban,Convenience,Maximus UC-17,552
Urban,Convenience,Maximus UC-18,553
Urban,Convenience,Maximus UC-19,554
Urban,Convenience,Maximus UC-20,555
Urban,Convenience,Maximus UC-21,556
Urban,Convenience,Maximus UC-22,557
Urban,Convenience,Maximus UC-23,558
Urban,Convenience,Maximus UC-24,559
Urban,Convenience,Maximus UC-25,560
Urban,Convenience,Maximus UC-26,561
Urban,Convenience,Maximus UC-27,562
Urban,Convenience,Maximus UC-28,563
Urban,Convenience,Maximus UC-29,564
Urban,Convenience,Maximus UC-30,565
Urban,Convenience,Maximus UC-31,566
Urban,Convenience,Maximus UC-32,567
Urban,Convenience,Maximus UC-33,568
Urban,Convenience,Maximus UC-34,569
Urban,Convenience,Maximus UC-35,570
Urban,Convenience,Maximus UC-36,571
Urban,Convenience,Maximus UC-37,572
Urban,Convenience,Maximus UC-38,573
Urban,Convenience,Maximus UC-39,574
Urban,Convenience,Maximus UC-40,575
Urban,Convenience,Maximus UC-41,576
Urban,Convenience,Maximus UC-42,577
Urban,Convenience,Maximus UC-43,578
Urban,Convenience,Maximus UC-44,579
Urban,Convenience,Maximus UC-45,580
Urban,Convenience,Maximus UC-46,581
Urban,Convenience,Maximus UC-47,582
Urban,Convenience,Maximus UC-48,583
Urban,Convenience,Maximus UC-49,584
Urban,Convenience,Maximus UC-50,585
Urban,Convenience,Maximus UC-51,586
Urban,Convenience,Maximus UC-52,587
Urban,Convenience,Maximus UC-53,588
Urban,Convenience,Maximus UC-54,589
Urban,Convenience,Maximus UC-55,590
Urban,Convenience,Maximus UC-56,591
Urban,Convenience,Maximus UC-57,592
Urban,Convenience,Maximus UC-58,593
Urban,Convenience,Maximus UC-59,594
Urban,Convenience,Maximus UC-60,595
Urban,Convenience,Maximus UC-61,596
Urban,Convenience,Maximus UC-62,597
Urban,Convenience,Maximus UC-63,598
Urban,Convenience,Maximus UC-64,599
Urban,Convenience,Maximus UC-65,600
Urban,Convenience,Maximus UC-66,601
Urban,Convenience,Maximus UC-67,602
Urban,Convenience,Maximus UC-68,603
Urban,Convenience,Maximus UC-69,604
Urban,Convenience,Maximus UC-70,605
Urban,Convenience,Maximus UC-71,606
Urban,Convenience,Maximus UC-72,607
Urban,Convenience,Maximus UC-73,608
Urban,Convenience,Maximus UC-74,609
Urban,Convenience,Maximus UC-75,610
Urban,Convenience,Maximus UC-76,611
Urban,Convenience,Maximus UC-77,612
Urban,Convenience,Maximus UC-78,613
Urban,Convenience,Maximus UC-79,614
Urban,Convenience,Maximus UC-80,615
Urban,Convenience,Maximus UC-81,616
Urban,Convenience,Maximus UC-82,617
Urban,Convenience,Maximus UC-83,618
Urban,Convenience,Maximus UC-84,619
Urban,Convenience,Maximus UC-85,620
Urban,Convenience,Maximus UC-86,621
Urban,Convenience,Maximus UC-87,622
Urban,Convenience,Maximus UC-88,623
Urban,Convenience,Maximus UC-89,624
Urban,Convenience,Maximus UC-90,625
Urban,Convenience,Maximus UC-91,626
Urban,Convenience,Maximus UC-92,627
Urban,Convenience,Maximus UC-93,628
Urban,Convenience,Maximus UC-94,629
Urban,Convenience,Maximus UC-95,630
Urban,Convenience,Maximus UC-96,631
Urban,Convenience,Maximus UC-97,632
Urban,Convenience,Maximus UC-98,633
Urban,Convenience,Maximus UC-99,634
Urban,Convenience,Maximus UC-00,635
Urban,Convenience,Maximus UC-01,636
Urban,Convenience,Maximus UC-02,637
Urban,Convenience,Maximus UC-03,638
Urban,Convenience,Maximus UC-04,639
Urban,Convenience,Maximus UC-05,640
Urban,Convenience,Maximus UC-06,641
Urban,Convenience,Maximus UC-07,642
Urban,Convenience,Maximus UC-08,643
Urban,Convenience,Maximus UC-09,644
Urban,Convenience,Maximus UC-10,645
Urban,Convenience,Maximus UC-11,646
Urban,Convenience,Maximus UC-12,647
Urban,Convenience,Maximus UC-13,648
Urban,Convenience,Maximus UC-14,649
Urban,Convenience,Maximus UC-15,650
Urban,Convenience,Maximus UC-16,651
Urban,Convenience,Maximus UC-17,652
Urban,Convenience,Maximus UC-18,653
Urban,Convenience,Maximus UC-19,654
Urban,Convenience,Maximus UC-20,655
Urban,Convenience,Maximus UC-21,656
Urban,Convenience,Maximus UC-22,657
Urban,Convenience,Maximus UC-23,658
Urban,Convenience,Maximus UC-24,659
Urban,Convenience,Maximus UC-25,660
Urban,Convenience,Maximus UC-26,661
Urban,Convenience,Maximus UC-27,662
Urban,Convenience,Maximus UC-28,663
Urban,Convenience,Maximus UC-29,664
Urban,Convenience,Maximus UC-30,665
Urban,Convenience,Maximus UC-31,666
Urban,Convenience,Maximus UC-32,667
Urban,Convenience,Maximus UC-33,668
Urban,Convenience,Maximus UC-34,669
Urban,Convenience,Maximus UC-35,670
Urban,Convenience,Maximus UC-36,671
Urban,Convenience,Maximus UC-37,672
Urban,Convenience,Maximus UC-38,673
Urban,Convenience,Maximus UC-39,674
Urban,Convenience,Maximus UC-40,675
Urban,Convenience,Maximus UC-41,676
Urban,Convenience,Maximus UC-42,677
Urban,Convenience,Maximus UC-43,678
Urban,Convenience,Maximus UC-44,679
Urban,Convenience,Maximus UC-45,680
Urban,Convenience,Maximus UC-46,681
Urban,Convenience,Maximus UC-47,682
Urban,Convenience,Maximus UC-48,683
Urban,Convenience,Maximus UC-49,684
Urban,Convenience,Maximus UC-50,685
Urban,Convenience,Maximus UC-51,686
Urban,Convenience,Maximus UC-52,687
Urban,Convenience,Maximus UC-53,688
Urban,Convenience,Maximus UC-54,689
Urban,Convenience,Maximus UC-55,690
Urban,Convenience,Maximus UC-56,691
Urban,Convenience,Maximus UC-57,692
Urban,Convenience,Maximus UC-58,693
Urban,Convenience,Abbas UC-01,189
Urban,Convenience,Abbas UC-02,190
Urban,Convenience,Abbas UC-03,191
Urban,Convenience,Abbas UC-04,192
Urban,Convenience,Abbas UC-05,193
Urban,Convenience,Abbas UC-06,194
Urban,Convenience,Abbas UC-07,195
Urban,Convenience,Abbas UC-08,196
Urban,Convenience,Fama UC-01,387
Urban,Convenience,Fama UC-02,388
Urban,Convenience,Fama UC-03,389
Urban,Convenience,Fama UC-04,390
Urban,Convenience,Fama UC-05,391
Urban,Convenience,Natura UC-01,938
Urban,Convenience,Natura UC-02,939
Urban,Convenience,Natura UC-03,940
Urban,Convenience,Natura UC-04,941
Urban,Convenience,Natura UC-05,942
Urban,Convenience,Natura UC-06,943
Urban,Convenience,Natura UC-07,944
Urban,Convenience,Natura UC-08,945
Urban,Convenience,Natura UC-09,946
Urban,Convenience,Natura UC-10,947
Urban,Convenience,Natura UC-11,948
Urban,Convenience,Natura UC-12,949
Urban,Convenience,Natura UC-13,950
Urban,Convenience,Natura UC-14,951
Urban,Convenience,Natura UC-15,952
Urban,Convenience,Natura UC-16,953
Urban,Convenience,Natura UC-17,954
Urban,Convenience,Natura UC-18,955
Urban,Convenience,Natura UC-19,956
Urban,Convenience,Natura UC-20,957
Urban,Convenience,Natura UC-21,958
Urban,Convenience,Natura UC-22,959
Urban,Convenience,Natura UC-23,960
Urban,Convenience,Natura UC-24,961
Urban,Convenience,Natura UC-25,962
Urban,Convenience,Natura UC-26,963
Urban,Convenience,Natura UC-27,964
Urban,Convenience,Natura UC-28,965
Urban,Convenience,Natura UC-29,966
Urban,Convenience,Natura UC-30,967
Urban,Convenience,Natura UC-31,968
Urban,Convenience,Natura UC-32,969
Urban,Convenience,Natura UC-33,970
Urban,Convenience,Natura UC-34,971
Urban,Convenience,Natura UC-35,972
Urban,Convenience,Natura UC-36,973
Urban,Convenience,Natura UC-37,974
Urban,Convenience,Natura UC-38,975
Urban,Convenience,Natura UC-39,976
Urban,Convenience,Natura UC-40,977
Urban,Convenience,Natura UC-41,978
Urban,Convenience,Natura UC-42,979
Urban,Convenience,Natura UC-43,980
Urban,Convenience,Natura UC-44,981
Urban,Convenience,Natura UC-45,982
Urban,Convenience,Natura UC-46,983
Urban,Convenience,Natura UC-47,984
Urban,Convenience,Natura UC-48,985
Urban,Convenience,Natura UC-49,986
Urban,Convenience,Natura UC-50,987
Urban,Convenience,Natura UC-51,988
Urban,Convenience,Natura UC-52,989
Urban,Convenience,Natura UC-53,990
Urban,Convenience,Natura UC-54,991
Urban,Convenience,Natura UC-55,992
Urban,Convenience,Natura UC-56,993
Urban,Convenience,Natura UC-57,994
Urban,Convenience,Natura UC-58,995
Urban,Convenience,Natura UC-59,996
Urban,Convenience,Natura UC-60,997
Urban,Convenience,Natura UC-61,998
Urban,Convenience,Natura UC-62,999
Urban,Convenience,Palma UC-01,1029
Urban,Convenience,Palma UC-02,1030
Urban,Convenience,Palma UC-03,1031
Urban,Convenience,Palma UC-04,1032
Urban,Convenience,Palma UC-05,1033
Urban,Convenience,Palma UC-06,1034
Urban,Convenience,Palma UC-07,1035
Urban,Convenience,Palma UC-08,1036
Urban,Convenience,Palma UC-09,1037
Urban,Convenience,Palma UC-10,1038
Urban,Convenience,Palma UC-11,1039
Urban,Convenience,Palma UC-12,1040
Urban,Convenience,Palma UC-13,1041
Urban,Convenience,Palma UC-14,1042
Urban,Convenience,Pirum UC-01,1199
Urban,Convenience,Pirum UC-02,1200
Urban,Convenience,Pirum UC-03,1201
Urban,Convenience,Pirum UC-04,1202
Urban,Convenience,Pirum UC-05,1203
Urban,Convenience,Pirum UC-06,1204
Urban,Convenience,Pirum UC-07,1205
Urban,Convenience,Pirum UC-08,1206
Urban,Convenience,Pirum UC-09,1207
Urban,Convenience,Pirum UC-10,1208
Urban,Convenience,Pirum UC-11,1209
Urban,Convenience,Pirum UC-12,1210
Urban,Convenience,Pirum UC-13,1211
Urban,Convenience,Pirum UC-14,1212
Urban,Convenience,Pirum UC-15,1213
Urban,Convenience,Pirum UC-16,1214
Urban,Convenience,Pirum UC-17,1215
Urban,Convenience,Pirum UC-18,1216
Urban,Convenience,Pirum UC-19,1217
Urban,Convenience,Pirum UC-20,1218
Urban,Convenience,Pirum UC-21,1219
Urban,Convenience,Pirum UC-22,1220
Urban,Convenience,Pirum UC-23,1221
Urban,Convenience,Pirum UC-24,1222
Urban,Convenience,Pirum UC-25,1223
Urban,Convenience,Pirum UC-26,1224
Urban,Convenience,Pirum UC-27,1225
Urban,Convenience,Pirum UC-28,1226
Urban,Convenience,Pirum UC-29,1227
Urban,Convenience,Pirum UC-30,1228
Urban,Convenience,Pirum UC-31,1229
Urban,Convenience,Pirum UC-32,1230
Urban,Convenience,Pirum UC-33,1231
Urban,Convenience,Pirum UC-34,1232
Urban,Convenience,Salvus UC-01,1689
Urban,Convenience,Pomum UC-01,1795
Urban,Convenience,Pomum UC-02,1796
Urban,Convenience,Pomum UC-03,1797
Urban,Convenience,Pomum UC-04,1798
Urban,Convenience,Pomum UC-05,1799
Urban,Convenience,Pomum UC-06,1800
Urban,Convenience,Pomum UC-07,1801
Urban,Convenience,Pomum UC-08,1802
Urban,Convenience,Pomum UC-09,1803
Urban,Convenience,Pomum UC-10,1804
Urban,Convenience,Pomum UC-11,1805
Urban,Convenience,Leo UC-01,1882
Urban,Convenience,Leo UC-02,1883
Urban,Convenience,Leo UC-03,1884
Urban,Convenience,Leo UC-04,1885
Urban,Convenience,Leo UC-05,1886
Urban,Convenience,Leo UC-06,1887
Urban,Convenience,Leo UC-07,1888
Urban,Convenience,Leo UC-08,1889
Urban,Convenience,Leo UC-09,1890
Urban,Convenience,Leo UC-10,1891
Urban,Convenience,Leo UC-11,1892
Urban,Convenience,Leo UC-12,1893
Urban,Convenience,Leo UC-13,1894
Urban,Convenience,Leo UC-14,1895
Urban,Convenience,Leo UC-15,1896
Urban,Convenience,Leo UC-16,1897
Urban,Convenience,Leo UC-17,1898
Urban,Convenience,Leo UC-18,1899
Urban,Convenience,Leo UC-19,1900
Urban,Convenience,Leo UC-20,1901
Urban,Convenience,Leo UC-21,1902
Urban,Convenience,Leo UC-22,1903
Urban,Convenience,Leo UC-23,1904
Urban,Convenience,Leo UC-24,1905
Urban,Convenience,Leo UC-25,1906
Urban,Convenience,Leo UC-26,1907
Urban,Convenience,Currus UC-01,2066
Urban,Convenience,Currus UC-02,2067
Urban,Convenience,Currus UC-03,2068
Urban,Convenience,Currus UC-04,2069
Urban,Convenience,Currus UC-05,2070
Urban,Convenience,Currus UC-06,2071
Urban,Convenience,Currus UC-07,2072
Urban,Convenience,Currus UC-08,2073
Urban,Convenience,Currus UC-09,2074
Urban,Convenience,Currus UC-10,2075
Urban,Convenience,Currus UC-11,2076
Urban,Convenience,Currus UC-12,2077
Urban,Convenience,Currus UC-13,2078
Urban,Convenience,Currus UC-14,2079
Urban,Convenience,Currus UC-15,2080
Urban,Convenience,Currus UC-16,2081
Urban,Convenience,Currus UC-17,2082
Urban,Convenience,Currus UC-18,2083
Urban,Convenience,Currus UC-19,2084
Urban,Convenience,Currus UC-20,2085
Urban,Convenience,Currus UC-21,2086
Urban,Convenience,Currus UC-22,2087
Urban,Convenience,Currus UC-23,2088
Urban,Convenience,Currus UC-24,2089
Urban,Convenience,Currus UC-25,2090
Urban,Convenience,Currus UC-26,2091
Urban,Convenience,Currus UC-27,2092
Urban,Convenience,Currus UC-28,2093
Urban,Convenience,Currus UC-29,2094
Urban,Convenience,Currus UC-30,2095
Urban,Convenience,Currus UC-31,2096
Urban,Convenience,Victoria UC-01,2171
Urban,Convenience,Victoria UC-02,2172
Urban,Convenience,Victoria UC-03,2173
Urban,Convenience,Victoria UC-04,2174
Urban,Convenience,Victoria UC-05,2175
Urban,Convenience,Victoria UC-06,2176
Urban,Convenience,Victoria UC-07,2177
Urban,Convenience,Victoria UC-08,2178
Urban,Convenience,Victoria UC-09,2179
Urban,Convenience,Victoria UC-10,2180
Urban,Convenience,Victoria UC-11,2181
Urban,Convenience,Victoria UC-12,2182
Urban,Convenience,Victoria UC-13,2183
Urban,Convenience,Victoria UC-14,2184
Urban,Convenience,Victoria UC-15,2185
Urban,Convenience,Victoria UC-16,2186
Urban,Convenience,Aliqui UC-01,2353
Urban,Convenience,Aliqui UC-02,2354
Urban,Convenience,Aliqui UC-03,2355
Urban,Convenience,Aliqui UC-04,2356
Urban,Convenience,Aliqui UC-05,2357
Urban,Convenience,Aliqui UC-06,2358
Urban,Convenience,Aliqui UC-07,2359
Urban,Convenience,Aliqui UC-08,2360
Urban,Convenience,Aliqui UC-09,2361
Urban,Convenience,Aliqui UC-10,2362
Urban,Convenience,Aliqui UC-11,2363
Urban,Convenience,Aliqui UC-12,2364
Urban,Convenience,Aliqui UC-13,2365
Urban,Convenience,Aliqui UC-14,2366
Urban,Convenience,Aliqui UC-15,2367
Urban,Convenience,Aliqui UC-16,2368
Urban,Convenience,Aliqui UC-17,2369
Urban,Convenience,Aliqui UC-18,2370
Urban,Convenience,Aliqui UC-19,2371
Urban,Convenience,Aliqui UC-20,2372
Urban,Convenience,Aliqui UC-21,2373
Urban,Convenience,Aliqui UC-22,2374
Urban,Convenience,Aliqui UC-23,2375
Urban,Convenience,Aliqui UC-24,2376
Urban,Convenience,Aliqui UC-25,2377
Urban,Convenience,Aliqui UC-26,2378
Urban,Convenience,Aliqui UC-27,2379
Urban,Convenience,Aliqui UC-28,2380
Urban,Convenience,Aliqui UC-29,2381
Urban,Convenience,Aliqui UC-30,2382
Urban,Convenience,Aliqui UC-31,2383
Urban,Convenience,Aliqui UC-32,2384
Urban,Convenience,Aliqui UC-33,2385
Urban,Convenience,Aliqui UC-34,2386
Urban,Convenience,Aliqui UC-35,2387
Urban,Convenience,Aliqui UC-36,2388
Urban,Convenience,Aliqui UC-37,2389
Urban,Convenience,Aliqui UC-38,2390
Urban,Convenience,Aliqui UC-39,2391
Urban,Extreme,Abbas UE-01,173
Urban,Extreme,Abbas UE-02,174
Urban,Extreme,Abbas UE-03,175
Urban,Extreme,Abbas UE-04,176
Urban,Extreme,Abbas UE-05,177
Urban,Extreme,Abbas UE-06,178
Urban,Extreme,Abbas UE-07,179
Urban,Extreme,Abbas UE-08,180
Urban,Extreme,Abbas UE-09,181
Urban,Extreme,Abbas UE-10,182
Urban,Extreme,Abbas UE-11,183
Urban,Extreme,Abbas UE-12,184
Urban,Extreme,Abbas UE-13,185
Urban,Extreme,Abbas UE-14,186
Urban,Extreme,Abbas UE-15,187
Urban,Extreme,Abbas UE-16,188
Urban,Extreme,Maximus UE-01,513
Urban,Extreme,Maximus UE-02,514
Urban,Extreme,Maximus UE-03,515
Urban,Extreme,Maximus UE-04,516
Urban,Extreme,Maximus UE-05,517
Urban,Extreme,Maximus UE-06,518
Urban,Extreme,Maximus UE-07,519
Urban,Extreme,Maximus UE-08,520
Urban,Extreme,Maximus UE-09,521
Urban,Extreme,Maximus UE-10,522
Urban,Extreme,Maximus UE-11,523
Urban,Extreme,Maximus UE-12,524
Urban,Extreme,Maximus UE-13,525
Urban,Extreme,Maximus UE-14,526
Urban,Extreme,Maximus UE-15,527
Urban,Extreme,Maximus UE-16,528
Urban,Extreme,Maximus UE-17,529
Urban,Extreme,Maximus UE-18,530
Urban,Extreme,Maximus UE-19,531
Urban,Extreme,Maximus UE-20,532
Urban,Extreme,Maximus UE-21,533
Urban,Extreme,Maximus UE-22,534
Urban,Extreme,Maximus UE-23,535
Urban,Extreme,Natura UE-01,892
Urban,Extreme,Natura UE-02,893
Urban,Extreme,Natura UE-03,894
Urban,Extreme,Natura UE-04,895
Urban,Extreme,Natura UE-05,896
Urban,Extreme,Natura UE-06,897
Urban,Extreme,Natura UE-07,898
Urban,Extreme,Natura UE-08,899
Urban,Extreme,Natura UE-09,900
Urban,Extreme,Natura UE-10,901
Urban,Extreme,Natura UE-11,902
Urban,Extreme,Natura UE-12,903
Urban,Extreme,Natura UE-13,904
Urban,Extreme,Natura UE-14,905
Urban,Extreme,Natura UE-15,906
Urban,Extreme,Natura UE-16,907
Urban,Extreme,Natura UE-17,908
Urban,Extreme,Natura UE-18,909
Urban,Extreme,Natura UE-19,910
Urban,Extreme,Natura UE-20,911
Urban,Extreme,Natura UE-21,912
Urban,Extreme,Natura UE-22,913
Urban,Extreme,Natura UE-23,914
Urban,Extreme,Natura UE-24,915
Urban,Extreme,Natura UE-25,916
Urban,Extreme,Natura UE-26,917
Urban,Extreme,Natura UE-27,918
Urban,Extreme,Natura UE-28,919
Urban,Extreme,Natura UE-29,920
Urban,Extreme,Natura UE-30,921
Urban,Extreme,Natura UE-31,922
Urban,Extreme,Natura UE-32,923
Urban,Extreme,Natura UE-33,924
Urban,Extreme,Natura UE-34,925
Urban,Extreme,Natura UE-35,926
Urban,Extreme,Natura UE-36,927
Urban,Extreme,Natura UE-37,928
Urban,Extreme,Natura UE-38,929
Urban,Extreme,Natura UE-39,930
Urban,Extreme,Natura UE-40,931
Urban,Extreme,Natura UE-41,932
Urban,Extreme,Natura UE-42,933
Urban,Extreme,Natura UE-43,934
Urban,Extreme,Natura UE-44,935
Urban,Extreme,Natura UE-45,936
Urban,Extreme,Natura UE-46,937
Urban,Extreme,Pirum UE-01,1165
Urban,Extreme,Pirum UE-02,1166
Urban,Extreme,Pirum UE-03,1167
Urban,Extreme,Pirum UE-04,1168
Urban,Extreme,Pirum UE-05,1169
Urban,Extreme,Pirum UE-06,1170
Urban,Extreme,Pirum UE-07,1171
Urban,Extreme,Pirum UE-08,1172
Urban,Extreme,Pirum UE-09,1173
Urban,Extreme,Pirum UE-10,1174
Urban,Extreme,Pirum UE-11,1175
Urban,Extreme,Pirum UE-12,1176
Urban,Extreme,Pirum UE-13,1177
Urban,Extreme,Pirum UE-14,1178
Urban,Extreme,Pirum UE-15,1179
Urban,Extreme,Pirum UE-16,1180
Urban,Extreme,Pirum UE-17,1181
Urban,Extreme,Pirum UE-18,1182
Urban,Extreme,Pirum UE-19,1183
Urban,Extreme,Pirum UE-20,1184
Urban,Extreme,Pirum UE-21,1185
Urban,Extreme,Pirum UE-22,1186
Urban,Extreme,Pirum UE-23,1187
Urban,Extreme,Pirum UE-24,1188
Urban,Extreme,Pirum UE-25,1189
Urban,Extreme,Pirum UE-26,1190
Urban,Extreme,Pirum UE-27,1191
Urban,Extreme,Pirum UE-28,1192
Urban,Extreme,Pirum UE-29,1193
Urban,Extreme,Pirum UE-30,1194
Urban,Extreme,Pirum UE-31,1195
Urban,Extreme,Pirum UE-32,1196
Urban,Extreme,Pirum UE-33,1197
Urban,Extreme,Pirum UE-34,1198
Urban,Extreme,Quibus UE-01,1671
Urban,Extreme,Quibus UE-02,1672
Urban,Extreme,Quibus UE-03,1673
Urban,Extreme,Quibus UE-04,1674
Urban,Extreme,Quibus UE-05,1675
Urban,Extreme,Quibus UE-06,1676
Urban,Extreme,Quibus UE-07,1677
Urban,Extreme,Quibus UE-08,1678
Urban,Extreme,Quibus UE-09,1679
Urban,Extreme,Quibus UE-10,1680
Urban,Extreme,Quibus UE-11,1681
Urban,Extreme,Quibus UE-12,1682
Urban,Extreme,Quibus UE-13,1683
Urban,Extreme,Quibus UE-14,1684
Urban,Extreme,Quibus UE-15,1685
Urban,Extreme,Quibus UE-16,1686
Urban,Extreme,Quibus UE-17,1687
Urban,Extreme,Salvus UE-01,1688
Urban,Extreme,Pomum UE-01,1766
Urban,Extreme,Pomum UE-02,1767
Urban,Extreme,Pomum UE-03,1768
Urban,Extreme,Pomum UE-04,1769
Urban,Extreme,Pomum UE-05,1770
Urban,Extreme,Pomum UE-06,1771
Urban,Extreme,Pomum UE-07,1772
Urban,Extreme,Pomum UE-08,1773
Urban,Extreme,Pomum UE-09,1774
Urban,Extreme,Pomum UE-10,1775
Urban,Extreme,Pomum UE-11,1776
Urban,Extreme,Pomum UE-12,1777
Urban,Extreme,Pomum UE-13,1778
Urban,Extreme,Pomum UE-14,1779
Urban,Extreme,Pomum UE-15,1780
Urban,Extreme,Pomum UE-16,1781
Urban,Extreme,Pomum UE-17,1782
Urban,Extreme,Pomum UE-18,1783
Urban,Extreme,Pomum UE-19,1784
Urban,Extreme,Pomum UE-20,1785
Urban,Extreme,Pomum UE-21,1786
Urban,Extreme,Pomum UE-22,1787
Urban,Extreme,Pomum UE-23,1788
Urban,Extreme,Pomum UE-24,1789
Urban,Extreme,Pomum UE-25,1790
Urban,Extreme,Pomum UE-26,1791
Urban,Extreme,Pomum UE-27,1792
Urban,Extreme,Pomum UE-28,1793
Urban,Extreme,Pomum UE-29,1794
Urban,Extreme,Currus UE-01,2041
Urban,Extreme,Currus UE-02,2042
Urban,Extreme,Currus UE-03,2043
Urban,Extreme,Currus UE-04,2044
Urban,Extreme,Currus UE-05,2045
Urban,Extreme,Currus UE-06,2046
Urban,Extreme,Currus UE-07,2047
Urban,Extreme,Currus UE-08,2048
Urban,Extreme,Currus UE-09,2049
Urban,Extreme,Currus UE-10,2050
Urban,Extreme,Currus UE-11,2051
Urban,Extreme,Currus UE-12,2052
Urban,Extreme,Currus UE-13,2053
Urban,Extreme,Currus UE-14,2054
Urban,Extreme,Currus UE-15,2055
Urban,Extreme,Currus UE-16,2056
Urban,Extreme,Currus UE-17,2057
Urban,Extreme,Currus UE-18,2058
Urban,Extreme,Currus UE-19,2059
Urban,Extreme,Currus UE-20,2060
Urban,Extreme,Currus UE-21,2061
Urban,Extreme,Currus UE-22,2062
Urban,Extreme,Currus UE-23,2063
Urban,Extreme,Currus UE-24,2064
Urban,Extreme,Currus UE-25,2065
Urban,Extreme,Victoria UE-01,2148
Urban,Extreme,Victoria UE-02,2149
Urban,Extreme,Victoria UE-03,2150
Urban,Extreme,Victoria UE-04,2151
Urban,Extreme,Victoria UE-05,2152
Urban,Extreme,Victoria UE-06,2153
Urban,Extreme,Victoria UE-07,2154
Urban,Extreme,Victoria UE-08,2155
Urban,Extreme,Victoria UE-09,2156
Urban,Extreme,Victoria UE-10,2157
Urban,Extreme,Victoria UE-11,2158
Urban,Extreme,Victoria UE-12,2159
Urban,Extreme,Victoria UE-13,2160
Urban,Extreme,Victoria UE-14,2161
Urban,Extreme,Victoria UE-15,2162
Urban,Extreme,Victoria UE-16,2163
Urban,Extreme,Victoria UE-17,2164
Urban,Extreme,Victoria UE-18,2165
Urban,Extreme,Victoria UE-19,2166
Urban,Extreme,Victoria UE-20,2167
Urban,Extreme,Victoria UE-21,2168
Urban,Extreme,Victoria UE-22,2169
Urban,Extreme,Victoria UE-23,2170
Urban,Extreme,Aliqui UE-01,2327
Urban,Extreme,Aliqui UE-02,2328
Urban,Extreme,Aliqui UE-03,2329
Urban,Extreme,Aliqui UE-04,2330
Urban,Extreme,Aliqui UE-05,2331
Urban,Extreme,Aliqui UE-06,2332
Urban,Extreme,Aliqui UE-07,2333
Urban,Extreme,Aliqui UE-08,2334
Urban,Extreme,Aliqui UE-09,2335
Urban,Extreme,Aliqui UE-10,2336
Urban,Extreme,Aliqui UE-11,2337
Urban,Extreme,Aliqui UE-12,2338
Urban,Extreme,Aliqui UE-13,2339
Urban,Extreme,Aliqui UE-14,2340
Urban,Extreme,Aliqui UE-15,2341
Urban,Extreme,Aliqui UE-16,2342
Urban,Extreme,Aliqui UE-17,2343
Urban,Extreme,Aliqui UE-18,2344
Urban,Extreme,Aliqui UE-19,2345
Urban,Extreme,Aliqui UE-20,2346
Urban,Extreme,Aliqui UE-21,2347
Urban,Extreme,Aliqui UE-22,2348
Urban,Extreme,Aliqui UE-23,2349
Urban,Extreme,Aliqui UE-24,2350
Urban,Extreme,Aliqui UE-25,2351
Urban,Extreme,Aliqui UE-26,2352
Urban,Extreme,Fama UE-01,280
Urban,Extreme,Fama UE-02,281
Urban,Extreme,Fama UE-03,282
Urban,Extreme,Fama UE-04,283
Urban,Extreme,Fama UE-05,284
Urban,Extreme,Fama UE-06,285
Urban,Extreme,Fama UE-07,286
Urban,Extreme,Fama UE-08,287
Urban,Extreme,Fama UE-09,288
Urban,Extreme,Fama UE-10,289
Urban,Extreme,Fama UE-11,290
Urban,Extreme,Fama UE-12,291
Urban,Extreme,Fama UE-13,292
Urban,Extreme,Fama UE-14,293
Urban,Extreme,Fama UE-15,294
Urban,Extreme,Fama UE-16,295
Urban,Extreme,Fama UE-17,296
Urban,Extreme,Fama UE-18,297
Urban,Extreme,Fama UE-19,298
Urban,Extreme,Fama UE-20,299
Urban,Extreme,Fama UE-21,300
Urban,Extreme,Fama UE-22,301
Urban,Extreme,Fama UE-23,302
Urban,Extreme,Fama UE-24,303
Urban,Extreme,Fama UE-25,304
Urban,Extreme,Fama UE-26,305
Urban,Extreme,Fama UE-27,306
Urban,Extreme,Fama UE-28,307
Urban,Extreme,Fama UE-29,308
Urban,Extreme,Fama UE-30,309
Urban,Extreme,Fama UE-31,310
Urban,Extreme,Fama UE-32,311
Urban,Extreme,Fama UE-33,312
Urban,Extreme,Fama UE-34,313
Urban,Extreme,Fama UE-35,314
Urban,Extreme,Fama UE-36,315
Urban,Extreme,Fama UE-37,316
Urban,Extreme,Fama UE-38,317
Urban,Extreme,Fama UE-39,318
Urban,Extreme,Fama UE-40,319
Urban,Extreme,Fama UE-41,320
Urban,Extreme,Fama UE-42,321
Urban,Extreme,Fama UE-43,322
Urban,Extreme,Fama UE-44,323
Urban,Extreme,Fama UE-45,324
Urban,Extreme,Fama UE-46,325
Urban,Extreme,Fama UE-47,326
Urban,Extreme,Fama UE-48,327
Urban,Extreme,Fama UE-49,328
Urban,Extreme,Fama UE-50,329
Urban,Extreme,Fama UE-51,330
Urban,Extreme,Fama UE-52,331
Urban,Extreme,Fama UE-53,332
Urban,Extreme,Fama UE-54,333
Urban,Extreme,Fama UE-55,334
Urban,Extreme,Fama UE-56,335
Urban,Extreme,Fama UE-57,336
Urban,Extreme,Fama UE-58,337
Urban,Extreme,Fama UE-59,338
Urban,Extreme,Fama UE-60,339
Urban,Extreme,Fama UE-61,340
Urban,Extreme,Fama UE-62,341
Urban,Extreme,Fama UE-63,342
Urban,Extreme,Fama UE-64,343
Urban,Extreme,Fama UE-65,344
Urban,Extreme,Fama UE-66,345
Urban,Extreme,Fama UE-67,346
Urban,Extreme,Fama UE-68,347
Urban,Extreme,Fama UE-69,348
Urban,Extreme,Fama UE-70,349
Urban,Extreme,Fama UE-71,350
Urban,Extreme,Fama UE-72,351
Urban,Extreme,Fama UE-73,352
Urban,Extreme,Fama UE-74,353
Urban,Extreme,Fama UE-75,354
Urban,Extreme,Fama UE-76,355
Urban,Extreme,Fama UE-77,356
Urban,Extreme,Fama UE-78,357
Urban,Extreme,Fama UE-79,358
Urban,Extreme,Fama UE-80,359
Urban,Extreme,Fama UE-81,360
Urban,Extreme,Fama UE-82,361
Urban,Extreme,Fama UE-83,362
Urban,Extreme,Fama UE-84,363
Urban,Extreme,Fama UE-85,364
Urban,Extreme,Fama UE-86,365
Urban,Extreme,Fama UE-87,366
Urban,Extreme,Fama UE-88,367
Urban,Extreme,Fama UE-89,368
Urban,Extreme,Fama UE-90,369
Urban,Extreme,Fama UE-91,370
Urban,Extreme,Fama UE-92,371
Urban,Extreme,Fama UE-93,372
Urban,Extreme,Fama UE-94,373
Urban,Extreme,Fama UE-95,374
Urban,Extreme,Fama UE-96,375
Urban,Extreme,Fama UE-97,376
Urban,Extreme,Fama UE-98,377
Urban,Extreme,Fama UE-99,378
Urban,Extreme,Fama UE-00,379
Urban,Extreme,Fama UE-01,380
Urban,Extreme,Fama UE-02,381
Urban,Extreme,Fama UE-03,382
Urban,Extreme,Fama UE-04,383
Urban,Extreme,Fama UE-05,384
Urban,Extreme,Fama UE-06,385
Urban,Extreme,Fama UE-07,386
Urban,Moderation,Maximus UM-01,396
Urban,Moderation,Maximus UM-02,397
Urban,Moderation,Maximus UM-03,398
Urban,Moderation,Maximus UM-04,399
Urban,Moderation,Maximus UM-05,400
Urban,Moderation,Maximus UM-06,401
Urban,Moderation,Maximus UM-07,402
Urban,Moderation,Maximus UM-08,403
Urban,Moderation,Maximus UM-09,404
Urban,Moderation,Maximus UM-10,405
Urban,Moderation,Maximus UM-11,406
Urban,Moderation,Maximus UM-12,407
Urban,Moderation,Maximus UM-13,408
Urban,Moderation,Maximus UM-14,409
Urban,Moderation,Maximus UM-15,410
Urban,Moderation,Maximus UM-16,411
Urban,Moderation,Maximus UM-17,412
Urban,Moderation,Maximus UM-18,413
Urban,Moderation,Maximus UM-19,414
Urban,Moderation,Maximus UM-20,415
Urban,Moderation,Maximus UM-21,416
Urban,Moderation,Maximus UM-22,417
Urban,Moderation,Maximus UM-23,418
Urban,Moderation,Maximus UM-24,419
Urban,Moderation,Maximus UM-25,420
Urban,Moderation,Maximus UM-26,421
Urban,Moderation,Maximus UM-27,422
Urban,Moderation,Maximus UM-28,423
Urban,Moderation,Maximus UM-29,424
Urban,Moderation,Maximus UM-30,425
Urban,Moderation,Maximus UM-31,426
Urban,Moderation,Maximus UM-32,427
Urban,Moderation,Maximus UM-33,428
Urban,Moderation,Maximus UM-34,429
Urban,Moderation,Maximus UM-35,430
Urban,Moderation,Maximus UM-36,431
Urban,Moderation,Maximus UM-37,432
Urban,Moderation,Maximus UM-38,433
Urban,Moderation,Maximus UM-39,434
Urban,Moderation,Maximus UM-40,435
Urban,Moderation,Maximus UM-41,436
Urban,Moderation,Maximus UM-42,437
Urban,Moderation,Maximus UM-43,438
Urban,Moderation,Maximus UM-44,439
Urban,Moderation,Maximus UM-45,440
Urban,Moderation,Maximus UM-46,441
Urban,Moderation,Maximus UM-47,442
Urban,Moderation,Maximus UM-48,443
Urban,Moderation,Maximus UM-49,444
Urban,Moderation,Maximus UM-50,445
Urban,Moderation,Maximus UM-51,446
Urban,Moderation,Maximus UM-52,447
Urban,Moderation,Maximus UM-53,448
Urban,Moderation,Maximus UM-54,449
Urban,Moderation,Maximus UM-55,450
Urban,Moderation,Maximus UM-56,451
Urban,Moderation,Maximus UM-57,452
Urban,Moderation,Maximus UM-58,453
Urban,Moderation,Maximus UM-59,454
Urban,Moderation,Maximus UM-60,455
Urban,Moderation,Maximus UM-61,456
Urban,Moderation,Maximus UM-62,457
Urban,Moderation,Maximus UM-63,458
Urban,Moderation,Maximus UM-64,459
Urban,Moderation,Maximus UM-65,460
Urban,Moderation,Maximus UM-66,461
Urban,Moderation,Maximus UM-67,462
Urban,Moderation,Maximus UM-68,463
Urban,Moderation,Maximus UM-69,464
Urban,Moderation,Maximus UM-70,465
Urban,Moderation,Maximus UM-71,466
Urban,Moderation,Maximus UM-72,467
Urban,Moderation,Maximus UM-73,468
Urban,Moderation,Maximus UM-74,469
Urban,Moderation,Maximus UM-75,470
Urban,Moderation,Maximus UM-76,471
Urban,Moderation,Maximus UM-77,472
Urban,Moderation,Maximus UM-78,473
Urban,Moderation,Maximus UM-79,474
Urban,Moderation,Maximus UM-80,475
Urban,Moderation,Maximus UM-81,476
Urban,Moderation,Maximus UM-82,477
Urban,Moderation,Maximus UM-83,478
Urban,Moderation,Maximus UM-84,479
Urban,Moderation,Maximus UM-85,480
Urban,Moderation,Maximus UM-86,481
Urban,Moderation,Maximus UM-87,482
Urban,Moderation,Maximus UM-88,483
Urban,Moderation,Maximus UM-89,484
Urban,Moderation,Maximus UM-90,485
Urban,Moderation,Maximus UM-91,486
Urban,Moderation,Maximus UM-92,487
Urban,Moderation,Maximus UM-93,488
Urban,Moderation,Maximus UM-94,489
Urban,Moderation,Maximus UM-95,490
Urban,Moderation,Maximus UM-96,491
Urban,Moderation,Maximus UM-97,492
Urban,Moderation,Maximus UM-98,493
Urban,Moderation,Maximus UM-99,494
Urban,Moderation,Maximus UM-00,495
Urban,Moderation,Maximus UM-01,496
Urban,Moderation,Maximus UM-02,497
Urban,Moderation,Maximus UM-03,498
Urban,Moderation,Maximus UM-04,499
Urban,Moderation,Maximus UM-05,500
Urban,Moderation,Maximus UM-06,501
Urban,Moderation,Maximus UM-07,502
Urban,Moderation,Maximus UM-08,503
Urban,Moderation,Maximus UM-09,504
Urban,Moderation,Maximus UM-10,505
Urban,Moderation,Maximus UM-11,506
Urban,Moderation,Maximus UM-12,507
Urban,Moderation,Maximus UM-13,508
Urban,Moderation,Maximus UM-14,509
Urban,Moderation,Maximus UM-15,510
Urban,Moderation,Maximus UM-16,511
Urban,Moderation,Abbas UM-01,74
Urban,Moderation,Abbas UM-02,75
Urban,Moderation,Abbas UM-03,76
Urban,Moderation,Abbas UM-04,77
Urban,Moderation,Abbas UM-05,78
Urban,Moderation,Abbas UM-06,79
Urban,Moderation,Abbas UM-07,80
Urban,Moderation,Abbas UM-08,81
Urban,Moderation,Abbas UM-09,82
Urban,Moderation,Abbas UM-10,83
Urban,Moderation,Abbas UM-11,84
Urban,Moderation,Abbas UM-12,85
Urban,Moderation,Abbas UM-13,86
Urban,Moderation,Abbas UM-14,87
Urban,Moderation,Abbas UM-15,88
Urban,Moderation,Abbas UM-16,89
Urban,Moderation,Abbas UM-17,90
Urban,Moderation,Abbas UM-18,91
Urban,Moderation,Abbas UM-19,92
Urban,Moderation,Abbas UM-20,93
Urban,Moderation,Abbas UM-21,94
Urban,Moderation,Abbas UM-22,95
Urban,Moderation,Abbas UM-23,96
Urban,Moderation,Abbas UM-24,97
Urban,Moderation,Abbas UM-25,98
Urban,Moderation,Abbas UM-26,99
Urban,Moderation,Abbas UM-27,100
Urban,Moderation,Abbas UM-28,101
Urban,Moderation,Abbas UM-29,102
Urban,Moderation,Abbas UM-30,103
Urban,Moderation,Abbas UM-31,104
Urban,Moderation,Abbas UM-32,105
Urban,Moderation,Abbas UM-33,106
Urban,Moderation,Abbas UM-34,107
Urban,Moderation,Abbas UM-35,108
Urban,Moderation,Abbas UM-36,109
Urban,Moderation,Abbas UM-37,110
Urban,Moderation,Abbas UM-38,111
Urban,Moderation,Abbas UM-39,112
Urban,Moderation,Abbas UM-40,113
Urban,Moderation,Abbas UM-41,114
Urban,Moderation,Abbas UM-42,115
Urban,Moderation,Abbas UM-43,116
Urban,Moderation,Abbas UM-44,117
Urban,Moderation,Abbas UM-45,118
Urban,Moderation,Abbas UM-46,119
Urban,Moderation,Abbas UM-47,120
Urban,Moderation,Abbas UM-48,121
Urban,Moderation,Abbas UM-49,122
Urban,Moderation,Abbas UM-50,123
Urban,Moderation,Abbas UM-51,124
Urban,Moderation,Abbas UM-52,125
Urban,Moderation,Abbas UM-53,126
Urban,Moderation,Abbas UM-54,127
Urban,Moderation,Abbas UM-55,128
Urban,Moderation,Abbas UM-56,129
Urban,Moderation,Barba UM-01,199
Urban,Moderation,Barba UM-02,200
Urban,Moderation,Barba UM-03,201
Urban,Moderation,Barba UM-04,202
Urban,Moderation,Barba UM-05,203
Urban,Moderation,Barba UM-06,204
Urban,Moderation,Barba UM-07,205
Urban,Moderation,Barba UM-08,206
Urban,Moderation,Barba UM-09,207
Urban,Moderation,Barba UM-10,208
Urban,Moderation,Barba UM-11,209
Urban,Moderation,Barba UM-12,210
Urban,Moderation,Fama UM-01,223
Urban,Moderation,Fama UM-02,224
Urban,Moderation,Fama UM-03,225
Urban,Moderation,Fama UM-04,226
Urban,Moderation,Fama UM-05,227
Urban,Moderation,Fama UM-06,228
Urban,Moderation,Natura UM-01,817
Urban,Moderation,Natura UM-02,818
Urban,Moderation,Natura UM-03,819
Urban,Moderation,Natura UM-04,820
Urban,Moderation,Natura UM-05,821
Urban,Moderation,Natura UM-06,822
Urban,Moderation,Natura UM-07,823
Urban,Moderation,Natura UM-08,824
Urban,Moderation,Natura UM-09,825
Urban,Moderation,Natura UM-10,826
Urban,Moderation,Natura UM-11,827
Urban,Moderation,Natura UM-12,828
Urban,Moderation,Natura UM-13,829
Urban,Moderation,Natura UM-14,830
Urban,Moderation,Natura UM-15,831
Urban,Moderation,Natura UM-16,832
Urban,Moderation,Natura UM-17,833
Urban,Moderation,Natura UM-18,834
Urban,Moderation,Natura UM-19,835
Urban,Moderation,Natura UM-20,836
Urban,Moderation,Natura UM-21,837
Urban,Moderation,Natura UM-22,838
Urban,Moderation,Natura UM-23,839
Urban,Moderation,Natura UM-24,840
Urban,Moderation,Natura UM-25,841
Urban,Moderation,Natura UM-26,842
Urban,Moderation,Natura UM-27,843
Urban,Moderation,Natura UM-28,844
Urban,Moderation,Natura UM-29,845
Urban,Moderation,Natura UM-30,846
Urban,Moderation,Natura UM-31,847
Urban,Moderation,Natura UM-32,848
Urban,Moderation,Natura UM-33,849
Urban,Moderation,Natura UM-34,850
Urban,Moderation,Natura UM-35,851
Urban,Moderation,Natura UM-36,852
Urban,Moderation,Natura UM-37,853
Urban,Moderation,Natura UM-38,854
Urban,Moderation,Palma UM-01,1027
Urban,Moderation,Palma UM-02,1028
Urban,Moderation,Pirum UM-01,1124
Urban,Moderation,Pirum UM-02,1125
Urban,Moderation,Pirum UM-03,1126
Urban,Moderation,Pirum UM-04,1127
Urban,Moderation,Pirum UM-05,1128
Urban,Moderation,Pirum UM-06,1129
Urban,Moderation,Pirum UM-07,1130
Urban,Moderation,Pirum UM-08,1131
Urban,Moderation,Pirum UM-09,1132
Urban,Moderation,Pirum UM-10,1133
Urban,Moderation,Pirum UM-11,1134
Urban,Moderation,Pirum UM-12,1135
Urban,Moderation,Pirum UM-13,1136
Urban,Moderation,Pirum UM-14,1137
Urban,Moderation,Pirum UM-15,1138
Urban,Moderation,Pirum UM-16,1139
Urban,Moderation,Pirum UM-17,1140
Urban,Moderation,Pirum UM-18,1141
Urban,Moderation,Pirum UM-19,1142
Urban,Moderation,Pirum UM-20,1143
Urban,Moderation,Pomum UM-01,1749
Urban,Moderation,Pomum UM-02,1750
Urban,Moderation,Pomum UM-03,1751
Urban,Moderation,Pomum UM-04,1752
Urban,Moderation,Pomum UM-05,1753
Urban,Moderation,Pomum UM-06,1754
Urban,Moderation,Leo UM-01,1863
Urban,Moderation,Leo UM-02,1864
Urban,Moderation,Leo UM-03,1865
Urban,Moderation,Leo UM-04,1866
Urban,Moderation,Leo UM-05,1867
Urban,Moderation,Leo UM-06,1868
Urban,Moderation,Leo UM-07,1869
Urban,Moderation,Leo UM-08,1870
Urban,Moderation,Leo UM-09,1871
Urban,Moderation,Leo UM-10,1872
Urban,Moderation,Leo UM-11,1873
Urban,Moderation,Leo UM-12,1874
Urban,Moderation,Leo UM-13,1875
Urban,Moderation,Leo UM-14,1876
Urban,Moderation,Leo UM-15,1877
Urban,Moderation,Leo UM-16,1878
Urban,Moderation,Leo UM-17,1879
Urban,Moderation,Leo UM-18,1880
Urban,Moderation,Leo UM-19,1881
Urban,Moderation,Currus UM-01,1994
Urban,Moderation,Currus UM-02,1995
Urban,Moderation,Currus UM-03,1996
Urban,Moderation,Currus UM-04,1997
Urban,Moderation,Victoria UM-01,2110
Urban,Moderation,Victoria UM-02,2111
Urban,Moderation,Victoria UM-03,2112
Urban,Moderation,Victoria UM-04,2113
Urban,Moderation,Victoria UM-05,2114
Urban,Moderation,Victoria UM-06,2115
Urban,Moderation,Victoria UM-07,2116
Urban,Moderation,Victoria UM-08,2117
Urban,Moderation,Victoria UM-09,2118
Urban,Moderation,Victoria UM-10,2119
Urban,Moderation,Victoria UM-11,2120
Urban,Moderation,Victoria UM-12,2121
Urban,Moderation,Victoria UM-13,2122
Urban,Moderation,Victoria UM-14,2123
Urban,Moderation,Victoria UM-15,2124
Urban,Moderation,Aliqui UM-01,2286
Urban,Moderation,Aliqui UM-02,2287
Urban,Moderation,Aliqui UM-03,2288
Urban,Moderation,Aliqui UM-04,2289
Urban,Moderation,Aliqui UM-05,2290
Urban,Moderation,Aliqui UM-06,2291
Urban,Moderation,Aliqui UM-07,2292
Urban,Moderation,Aliqui UM-08,2293
Urban,Moderation,Aliqui UM-09,2294
Urban,Moderation,Aliqui UM-10,2295
Urban,Moderation,Aliqui UM-11,2296
Urban,Moderation,Aliqui UM-12,2297
Urban,Regular,Abbas UR-01,130
Urban,Regular,Abbas UR-02,131
Urban,Regular,Abbas UR-03,132
Urban,Regular,Abbas UR-04,133
Urban,Regular,Abbas UR-05,134
Urban,Regular,Abbas UR-06,135
Urban,Regular,Abbas UR-07,136
Urban,Regular,Abbas UR-08,137
Urban,Regular,Abbas UR-09,138
Urban,Regular,Abbas UR-10,139
Urban,Regular,Abbas UR-11,140
Urban,Regular,Abbas UR-12,141
Urban,Regular,Abbas UR-13,142
Urban,Regular,Abbas UR-14,143
Urban,Regular,Abbas UR-15,144
Urban,Regular,Abbas UR-16,145
Urban,Regular,Abbas UR-17,146
Urban,Regular,Abbas UR-18,147
Urban,Regular,Abbas UR-19,148
Urban,Regular,Abbas UR-20,149
Urban,Regular,Abbas UR-21,150
Urban,Regular,Abbas UR-22,151
Urban,Regular,Abbas UR-23,152
Urban,Regular,Abbas UR-24,153
Urban,Regular,Abbas UR-25,154
Urban,Regular,Abbas UR-26,155
Urban,Regular,Abbas UR-27,156
Urban,Regular,Abbas UR-28,157
Urban,Regular,Abbas UR-29,158
Urban,Regular,Abbas UR-30,159
Urban,Regular,Abbas UR-31,160
Urban,Regular,Abbas UR-32,161
Urban,Regular,Abbas UR-33,162
Urban,Regular,Abbas UR-34,163
Urban,Regular,Abbas UR-35,164
Urban,Regular,Abbas UR-36,165
Urban,Regular,Abbas UR-37,166
Urban,Regular,Abbas UR-38,167
Urban,Regular,Abbas UR-39,168
Urban,Regular,Abbas UR-40,169
Urban,Regular,Abbas UR-41,170
Urban,Regular,Abbas UR-42,171
Urban,Regular,Abbas UR-43,172
Urban,Regular,Fama UR-01,229
Urban,Regular,Fama UR-02,230
Urban,Regular,Fama UR-03,231
Urban,Regular,Fama UR-04,232
Urban,Regular,Fama UR-05,233
Urban,Regular,Fama UR-06,234
Urban,Regular,Fama UR-07,235
Urban,Regular,Fama UR-08,236
Urban,Regular,Fama UR-09,237
Urban,Regular,Fama UR-10,238
Urban,Regular,Fama UR-11,239
Urban,Regular,Fama UR-12,240
Urban,Regular,Fama UR-13,241
Urban,Regular,Fama UR-14,242
Urban,Regular,Fama UR-15,243
Urban,Regular,Fama UR-16,244
Urban,Regular,Fama UR-17,245
Urban,Regular,Fama UR-18,246
Urban,Regular,Fama UR-19,247
Urban,Regular,Fama UR-20,248
Urban,Regular,Fama UR-21,249
Urban,Regular,Fama UR-22,250
Urban,Regular,Fama UR-23,251
Urban,Regular,Fama UR-24,252
Urban,Regular,Fama UR-25,253
Urban,Regular,Fama UR-26,254
Urban,Regular,Fama UR-27,255
Urban,Regular,Fama UR-28,256
Urban,Regular,Fama UR-29,257
Urban,Regular,Fama UR-30,258
Urban,Regular,Fama UR-31,259
Urban,Regular,Fama UR-32,260
Urban,Regular,Fama UR-33,261
Urban,Regular,Fama UR-34,262
Urban,Regular,Fama UR-35,263
Urban,Regular,Fama UR-36,264
Urban,Regular,Fama UR-37,265
Urban,Regular,Fama UR-38,266
Urban,Regular,Fama UR-39,267
Urban,Regular,Fama UR-40,268
Urban,Regular,Fama UR-41,269
Urban,Regular,Fama UR-42,270
Urban,Regular,Fama UR-43,271
Urban,Regular,Fama UR-44,272
Urban,Regular,Fama UR-45,273
Urban,Regular,Fama UR-46,274
Urban,Regular,Fama UR-47,275
Urban,Regular,Fama UR-48,276
Urban,Regular,Fama UR-49,277
Urban,Regular,Fama UR-50,278
Urban,Regular,Fama UR-51,279
Urban,Regular,Maximus UR-01,512
Urban,Regular,Natura UR-01,855
Urban,Regular,Natura UR-02,856
Urban,Regular,Natura UR-03,857
Urban,Regular,Natura UR-04,858
Urban,Regular,Natura UR-05,859
Urban,Regular,Natura UR-06,860
Urban,Regular,Natura UR-07,861
Urban,Regular,Natura UR-08,862
Urban,Regular,Natura UR-09,863
Urban,Regular,Natura UR-10,864
Urban,Regular,Natura UR-11,865
Urban,Regular,Natura UR-12,866
Urban,Regular,Natura UR-13,867
Urban,Regular,Natura UR-14,868
Urban,Regular,Natura UR-15,869
Urban,Regular,Natura UR-16,870
Urban,Regular,Natura UR-17,871
Urban,Regular,Natura UR-18,872
Urban,Regular,Natura UR-19,873
Urban,Regular,Natura UR-20,874
Urban,Regular,Natura UR-21,875
Urban,Regular,Natura UR-22,876
Urban,Regular,Natura UR-23,877
Urban,Regular,Natura UR-24,878
Urban,Regular,Natura UR-25,879
Urban,Regular,Natura UR-26,880
Urban,Regular,Natura UR-27,881
Urban,Regular,Natura UR-28,882
Urban,Regular,Natura UR-29,883
Urban,Regular,Natura UR-30,884
Urban,Regular,Natura UR-31,885
Urban,Regular,Natura UR-32,886
Urban,Regular,Natura UR-33,887
Urban,Regular,Natura UR-34,888
Urban,Regular,Natura UR-35,889
Urban,Regular,Natura UR-36,890
Urban,Regular,Natura UR-37,891
Urban,Regular,Pirum UR-01,1144
Urban,Regular,Pirum UR-02,1145
Urban,Regular,Pirum UR-03,1146
Urban,Regular,Pirum UR-04,1147
Urban,Regular,Pirum UR-05,1148
Urban,Regular,Pirum UR-06,1149
Urban,Regular,Pirum UR-07,1150
Urban,Regular,Pirum UR-08,1151
Urban,Regular,Pirum UR-09,1152
Urban,Regular,Pirum UR-10,1153
Urban,Regular,Pirum UR-11,1154
Urban,Regular,Pirum UR-12,1155
Urban,Regular,Pirum UR-13,1156
Urban,Regular,Pirum UR-14,1157
Urban,Regular,Pirum UR-15,1158
Urban,Regular,Pirum UR-16,1159
Urban,Regular,Pirum UR-17,1160
Urban,Regular,Pirum UR-18,1161
Urban,Regular,Pirum UR-19,1162
Urban,Regular,Pirum UR-20,1163
Urban,Regular,Pirum UR-21,1164
Urban,Regular,Quibus UR-01,1668
Urban,Regular,Quibus UR-02,1669
Urban,Regular,Quibus UR-03,1670
Urban,Regular,Pomum UR-01,1755
Urban,Regular,Pomum UR-02,1756
Urban,Regular,Pomum UR-03,1757
Urban,Regular,Pomum UR-04,1758
Urban,Regular,Pomum UR-05,1759
Urban,Regular,Pomum UR-06,1760
Urban,Regular,Pomum UR-07,1761
Urban,Regular,Pomum UR-08,1762
Urban,Regular,Pomum UR-09,1763
Urban,Regular,Pomum UR-10,1764
Urban,Regular,Pomum UR-11,1765
Urban,Regular,Currus UR-01,1998
Urban,Regular,Currus UR-02,1999
Urban,Regular,Currus UR-03,2000
Urban,Regular,Currus UR-04,2001
Urban,Regular,Currus UR-05,2002
Urban,Regular,Currus UR-06,2003
Urban,Regular,Currus UR-07,2004
Urban,Regular,Currus UR-08,2005
Urban,Regular,Currus UR-09,2006
Urban,Regular,Currus UR-10,2007
Urban,Regular,Currus UR-11,2008
Urban,Regular,Currus UR-12,2009
Urban,Regular,Currus UR-13,2010
Urban,Regular,Currus UR-14,2011
Urban,Regular,Currus UR-15,2012
Urban,Regular,Currus UR-16,2013
Urban,Regular,Currus UR-17,2014
Urban,Regular,Currus UR-18,2015
Urban,Regular,Currus UR-19,2016
Urban,Regular,Currus UR-20,2017
Urban,Regular,Currus UR-21,2018
Urban,Regular,Currus UR-22,2019
Urban,Regular,Currus UR-23,2020
Urban,Regular,Currus UR-24,2021
Urban,Regular,Currus UR-25,2022
Urban,Regular,Currus UR-26,2023
Urban,Regular,Currus UR-27,2024
Urban,Regular,Currus UR-28,2025
Urban,Regular,Currus UR-29,2026
Urban,Regular,Currus UR-30,2027
Urban,Regular,Currus UR-31,2028
Urban,Regular,Currus UR-32,2029
Urban,Regular,Currus UR-33,2030
Urban,Regular,Currus UR-34,2031
Urban,Regular,Currus UR-35,2032
Urban,Regular,Currus UR-36,2033
Urban,Regular,Currus UR-37,2034
Urban,Regular,Currus UR-38,2035
Urban,Regular,Currus UR-39,2036
Urban,Regular,Currus UR-40,2037
Urban,Regular,Currus UR-41,2038
Urban,Regular,Currus UR-42,2039
Urban,Regular,Currus UR-43,2040
Urban,Regular,Victoria UR-01,2125
Urban,Regular,Victoria UR-02,2126
Urban,Regular,Victoria UR-03,2127
Urban,Regular,Victoria UR-04,2128
Urban,Regular,Victoria UR-05,2129
Urban,Regular,Victoria UR-06,2130
Urban,Regular,Victoria UR-07,2131
Urban,Regular,Victoria UR-08,2132
Urban,Regular,Victoria UR-09,2133
Urban,Regular,Victoria UR-10,2134
Urban,Regular,Victoria UR-11,2135
Urban,Regular,Victoria UR-12,2136
Urban,Regular,Victoria UR-13,2137
Urban,Regular,Victoria UR-14,2138
Urban,Regular,Victoria UR-15,2139
Urban,Regular,Victoria UR-16,2140
Urban,Regular,Victoria UR-17,2141
Urban,Regular,Victoria UR-18,2142
Urban,Regular,Victoria UR-19,2143
Urban,Regular,Victoria UR-20,2144
Urban,Regular,Victoria UR-21,2145
Urban,Regular,Victoria UR-22,2146
Urban,Regular,Victoria UR-23,2147
Urban,Regular,Aliqui UR-01,2298
Urban,Regular,Aliqui UR-02,2299
Urban,Regular,Aliqui UR-03,2300
Urban,Regular,Aliqui UR-04,2301
Urban,Regular,Aliqui UR-05,2302
Urban,Regular,Aliqui UR-06,2303
Urban,Regular,Aliqui UR-07,2304
Urban,Regular,Aliqui UR-08,2305
Urban,Regular,Aliqui UR-09,2306
Urban,Regular,Aliqui UR-10,2307
Urban,Regular,Aliqui UR-11,2308
Urban,Regular,Aliqui UR-12,2309
Urban,Regular,Aliqui UR-13,2310
Urban,Regular,Aliqui UR-14,2311
Urban,Regular,Aliqui UR-15,2312
Urban,Regular,Aliqui UR-16,2313
Urban,Regular,Aliqui UR-17,2314
Urban,Regular,Aliqui UR-18,2315
Urban,Regular,Aliqui UR-19,2316
Urban,Regular,Aliqui UR-20,2317
Urban,Regular,Aliqui UR-21,2318
Urban,Regular,Aliqui UR-22,2319
Urban,Regular,Aliqui UR-23,2320
Urban,Regular,Aliqui UR-24,2321
Urban,Regular,Aliqui UR-25,2322
Urban,Regular,Aliqui UR-26,2323
Urban,Regular,Aliqui UR-27,2324
Urban,Regular,Aliqui UR-28,2325
Urban,Regular,Aliqui UR-29,2326
Mix,All Season,Abbas MA-01,1
Mix,All Season,Abbas MA-02,2
Mix,All Season,Abbas MA-03,3
Mix,All Season,Abbas MA-04,4
Mix,All Season,Abbas MA-05,5
Mix,All Season,Abbas MA-06,6
Mix,All Season,Abbas MA-07,7
Mix,All Season,Abbas MA-08,8
Mix,All Season,Abbas MA-09,9
Mix,All Season,Abbas MA-10,10
Mix,All Season,Abbas MA-11,11
Mix,All Season,Abbas MA-12,12
Mix,All Season,Abbas MA-13,13
Mix,All Season,Abbas MA-14,14
Mix,All Season,Abbas MA-15,15
Mix,All Season,Abbas MA-16,16
Mix,All Season,Abbas MA-17,17
Mix,All Season,Abbas MA-18,18
Mix,All Season,Abbas MA-19,19
Mix,All Season,Abbas MA-20,20
Mix,All Season,Abbas MA-21,21
Mix,All Season,Abbas MA-22,22
Mix,All Season,Abbas MA-23,23
Mix,All Season,Abbas MA-24,24
Mix,All Season,Abbas MA-25,25
Mix,All Season,Abbas MA-26,26
Mix,All Season,Abbas MA-27,27
Mix,All Season,Abbas MA-28,28
Mix,All Season,Abbas MA-29,29
Mix,All Season,Abbas MA-30,30
Mix,All Season,Abbas MA-31,31
Mix,All Season,Abbas MA-32,32
Mix,All Season,Abbas MA-33,33
Mix,All Season,Abbas MA-34,34
Mix,All Season,Abbas MA-35,35
Mix,All Season,Abbas MA-36,36
Mix,All Season,Abbas MA-37,37
Mix,All Season,Abbas MA-38,38
Mix,All Season,Abbas MA-39,39
Mix,All Season,Abbas MA-40,40
Mix,All Season,Abbas MA-41,41
Mix,All Season,Abbas MA-42,42
Mix,All Season,Abbas MA-43,43
Mix,All Season,Abbas MA-44,44
Mix,All Season,Abbas MA-45,45
Mix,All Season,Fama MA-01,211
Mix,All Season,Fama MA-02,212
Mix,All Season,Natura MA-01,694
Mix,All Season,Natura MA-02,695
Mix,All Season,Natura MA-03,696
Mix,All Season,Natura MA-04,697
Mix,All Season,Natura MA-05,698
Mix,All Season,Natura MA-06,699
Mix,All Season,Natura MA-07,700
Mix,All Season,Natura MA-08,701
Mix,All Season,Natura MA-09,702
Mix,All Season,Natura MA-10,703
Mix,All Season,Natura MA-11,704
Mix,All Season,Natura MA-12,705
Mix,All Season,Natura MA-13,706
Mix,All Season,Natura MA-14,707
Mix,All Season,Natura MA-15,708
Mix,All Season,Natura MA-16,709
Mix,All Season,Natura MA-17,710
Mix,All Season,Natura MA-18,711
Mix,All Season,Natura MA-19,712
Mix,All Season,Pirum MA-01,1043
Mix,All Season,Pirum MA-02,1044
Mix,All Season,Pirum MA-03,1045
Mix,All Season,Pirum MA-04,1046
Mix,All Season,Pirum MA-05,1047
Mix,All Season,Pirum MA-06,1048
Mix,All Season,Pirum MA-07,1049
Mix,All Season,Pirum MA-08,1050
Mix,All Season,Pirum MA-09,1051
Mix,All Season,Pirum MA-10,1052
Mix,All Season,Pirum MA-11,1053
Mix,All Season,Pirum MA-12,1054
Mix,All Season,Pomum MA-01,1726
Mix,All Season,Pomum MA-02,1727
Mix,All Season,Pomum MA-03,1728
Mix,All Season,Pomum MA-04,1729
Mix,All Season,Pomum MA-05,1730
Mix,All Season,Pomum MA-06,1731
Mix,All Season,Currus MA-01,1908
Mix,All Season,Currus MA-02,1909
Mix,All Season,Currus MA-03,1910
Mix,All Season,Currus MA-04,1911
Mix,All Season,Currus MA-05,1912
Mix,All Season,Currus MA-06,1913
Mix,All Season,Currus MA-07,1914
Mix,All Season,Currus MA-08,1915
Mix,All Season,Currus MA-09,1916
Mix,All Season,Currus MA-10,1917
Mix,All Season,Currus MA-11,1918
Mix,All Season,Currus MA-12,1919
Mix,All Season,Currus MA-13,1920
Mix,All Season,Currus MA-14,1921
Mix,All Season,Currus MA-15,1922
Mix,All Season,Currus MA-16,1923
Mix,All Season,Currus MA-17,1924
Mix,All Season,Currus MA-18,1925
Mix,All Season,Victoria MA-01,2102
Mix,All Season,Victoria MA-02,2103
Mix,All Season,Victoria MA-03,2104
Mix,All Season,Victoria MA-04,2105
Mix,All Season,Victoria MA-05,2106
Mix,All Season,Victoria MA-06,2107
Mix,All Season,Aliqui MA-01,2187
Mix,All Season,Aliqui MA-02,2188
Mix,All Season,Aliqui MA-03,2189
Mix,All Season,Aliqui MA-04,2190
Mix,All Season,Aliqui MA-05,2191
Mix,All Season,Aliqui MA-06,2192
Mix,All Season,Aliqui MA-07,2193
Mix,All Season,Aliqui MA-08,2194
Mix,All Season,Aliqui MA-09,2195
Mix,All Season,Aliqui MA-10,2196
Mix,All Season,Aliqui MA-11,2197
Mix,All Season,Aliqui MA-12,2198
Mix,All Season,Aliqui MA-13,2199
Mix,All Season,Aliqui MA-14,2200
Mix,All Season,Aliqui MA-15,2201
Mix,All Season,Aliqui MA-16,2202
Mix,All Season,Aliqui MA-17,2203
Rural,Select,Abbas RS-01,68
Rural,Select,Abbas RS-02,69
Rural,Select,Abbas RS-03,70
Rural,Select,Abbas RS-04,71
Rural,Select,Abbas RS-05,72
Rural,Select,Abbas RS-06,73
Rural,Select,Maximus RS-01,394
Rural,Select,Maximus RS-02,395
Rural,Select,Natura RS-01,797
Rural,Select,Natura RS-02,798
Rural,Select,Natura RS-03,799
Rural,Select,Natura RS-04,800
Rural,Select,Natura RS-05,801
Rural,Select,Natura RS-06,802
Rural,Select,Natura RS-07,803
Rural,Select,Natura RS-08,804
Rural,Select,Natura RS-09,805
Rural,Select,Natura RS-10,806
Rural,Select,Natura RS-11,807
Rural,Select,Natura RS-12,808
Rural,Select,Natura RS-13,809
Rural,Select,Natura RS-14,810
Rural,Select,Natura RS-15,811
Rural,Select,Natura RS-16,812
Rural,Select,Natura RS-17,813
Rural,Select,Natura RS-18,814
Rural,Select,Natura RS-19,815
Rural,Select,Natura RS-20,816
Rural,Select,Pirum RS-01,1113
Rural,Select,Pirum RS-02,1114
Rural,Select,Pirum RS-03,1115
Rural,Select,Pirum RS-04,1116
Rural,Select,Pirum RS-05,1117
Rural,Select,Pirum RS-06,1118
Rural,Select,Pirum RS-07,1119
Rural,Select,Pirum RS-08,1120
Rural,Select,Pirum RS-09,1121
Rural,Select,Pirum RS-10,1122
Rural,Select,Pirum RS-11,1123
Rural,Select,Pomum RS-01,1746
Rural,Select,Pomum RS-02,1747
Rural,Select,Pomum RS-03,1748
Rural,Select,Currus RS-01,1982
Rural,Select,Currus RS-02,1983
Rural,Select,Currus RS-03,1984
Rural,Select,Currus RS-04,1985
Rural,Select,Currus RS-05,1986
Rural,Select,Currus RS-06,1987
Rural,Select,Currus RS-07,1988
Rural,Select,Currus RS-08,1989
Rural,Select,Currus RS-09,1990
Rural,Select,Currus RS-10,1991
Rural,Select,Currus RS-11,1992
Rural,Select,Currus RS-12,1993
Rural,Select,Aliqui RS-01,2268
Rural,Select,Aliqui RS-02,2269
Rural,Select,Aliqui RS-03,2270
Rural,Select,Aliqui RS-04,2271
Rural,Select,Aliqui RS-05,2272
Rural,Select,Aliqui RS-06,2273
Rural,Select,Aliqui RS-07,2274
Rural,Select,Aliqui RS-08,2275
Rural,Select,Aliqui RS-09,2276
Rural,Select,Aliqui RS-10,2277
Rural,Select,Aliqui RS-11,2278
Rural,Select,Aliqui RS-12,2279
Rural,Select,Aliqui RS-13,2280
Rural,Select,Aliqui RS-14,2281
Rural,Select,Aliqui RS-15,2282
Rural,Select,Aliqui RS-16,2283
Rural,Select,Aliqui RS-17,2284
Rural,Select,Aliqui RS-18,2285
Youth,Youth,Abbas YY-01,197
Youth,Youth,Abbas YY-02,198
Youth,Youth,Natura YY-01,1000
Youth,Youth,Natura YY-02,1001
Youth,Youth,Natura YY-03,1002
Youth,Youth,Natura YY-04,1003
Youth,Youth,Natura YY-05,1004
Youth,Youth,Natura YY-06,1005
Youth,Youth,Natura YY-07,1006
Youth,Youth,Natura YY-08,1007
Youth,Youth,Natura YY-09,1008
Youth,Youth,Natura YY-10,1009
Youth,Youth,Natura YY-11,1010
Youth,Youth,Natura YY-12,1011
Youth,Youth,Natura YY-13,1012
Youth,Youth,Natura YY-14,1013
Youth,Youth,Natura YY-15,1014
Youth,Youth,Natura YY-16,1015
Youth,Youth,Natura YY-17,1016
Youth,Youth,Natura YY-18,1017
Youth,Youth,Natura YY-19,1018
Youth,Youth,Natura YY-20,1019
Youth,Youth,Natura YY-21,1020
Youth,Youth,Natura YY-22,1021
Youth,Youth,Natura YY-23,1022
Youth,Youth,Natura YY-24,1023
Youth,Youth,Natura YY-25,1024
Youth,Youth,Natura YY-26,1025
Youth,Youth,Natura YY-27,1026
Youth,Youth,Salvus YY-01,1690
Youth,Youth,Salvus YY-02,1691
Youth,Youth,Salvus YY-03,1692
Youth,Youth,Salvus YY-04,1693
Youth,Youth,Salvus YY-05,1694
Youth,Youth,Salvus YY-06,1695
Youth,Youth,Salvus YY-07,1696
Youth,Youth,Salvus YY-08,1697
Youth,Youth,Salvus YY-09,1698
Youth,Youth,Salvus YY-10,1699
Youth,Youth,Salvus YY-11,1700
Youth,Youth,Salvus YY-12,1701
Youth,Youth,Salvus YY-13,1702
Youth,Youth,Salvus YY-14,1703
Youth,Youth,Salvus YY-15,1704
Youth,Youth,Salvus YY-16,1705
Youth,Youth,Salvus YY-17,1706
Youth,Youth,Salvus YY-18,1707
Youth,Youth,Salvus YY-19,1708
Youth,Youth,Salvus YY-20,1709
Youth,Youth,Salvus YY-21,1710
Youth,Youth,Salvus YY-22,1711
Youth,Youth,Salvus YY-23,1712
Youth,Youth,Salvus YY-24,1713
Youth,Youth,Salvus YY-25,1714
Youth,Youth,Salvus YY-26,1715
Youth,Youth,Salvus YY-27,1716
Youth,Youth,Salvus YY-28,1717
Youth,Youth,Salvus YY-29,1718
Youth,Youth,Salvus YY-30,1719
Youth,Youth,Salvus YY-31,1720
Youth,Youth,Salvus YY-32,1721
Youth,Youth,Salvus YY-33,1722
Youth,Youth,Salvus YY-34,1723
Youth,Youth,Salvus YY-35,1724
Youth,Youth,Salvus YY-36,1725
Youth,Youth,Pomum YY-01,1806
Youth,Youth,Pomum YY-02,1807
Youth,Youth,Pomum YY-03,1808
Youth,Youth,Pomum YY-04,1809
Youth,Youth,Pomum YY-05,1810
Youth,Youth,Pomum YY-06,1811
Youth,Youth,Pomum YY-07,1812
Youth,Youth,Pomum YY-08,1813
Youth,Youth,Pomum YY-09,1814
Youth,Youth,Pomum YY-10,1815
Youth,Youth,Pomum YY-11,1816
Youth,Youth,Pomum YY-12,1817
Youth,Youth,Pomum YY-13,1818
Youth,Youth,Pomum YY-14,1819
Youth,Youth,Pomum YY-15,1820
Youth,Youth,Pomum YY-16,1821
Youth,Youth,Pomum YY-17,1822
Youth,Youth,Pomum YY-18,1823
Youth,Youth,Pomum YY-19,1824
Youth,Youth,Pomum YY-20,1825
Youth,Youth,Pomum YY-21,1826
Youth,Youth,Pomum YY-22,1827
Youth,Youth,Pomum YY-23,1828
Youth,Youth,Pomum YY-24,1829
Youth,Youth,Pomum YY-25,1830
Youth,Youth,Pomum YY-26,1831
Youth,Youth,Pomum YY-27,1832
Youth,Youth,Pomum YY-28,1833
Youth,Youth,Pomum YY-29,1834
Youth,Youth,Pomum YY-30,1835
Youth,Youth,Pomum YY-31,1836
Youth,Youth,Pomum YY-32,1837
Youth,Youth,Pomum YY-33,1838
Youth,Youth,Pomum YY-34,1839
Youth,Youth,Pomum YY-35,1840
Youth,Youth,Pomum YY-36,1841
Youth,Youth,Pomum YY-37,1842
Youth,Youth,Pomum YY-38,1843
Youth,Youth,Pomum YY-39,1844
Youth,Youth,Pomum YY-40,1845
Youth,Youth,Pomum YY-41,1846
Youth,Youth,Pomum YY-42,1847
Youth,Youth,Pomum YY-43,1848
Youth,Youth,Pomum YY-44,1849
Youth,Youth,Pomum YY-45,1850
Youth,Youth,Pomum YY-46,1851
Youth,Youth,Pomum YY-47,1852
Youth,Youth,Pomum YY-48,1853
Youth,Youth,Pomum YY-49,1854
Youth,Youth,Pomum YY-50,1855
Youth,Youth,Pomum YY-51,1856
Youth,Youth,Pomum YY-52,1857
Youth,Youth,Pomum YY-53,1858
Youth,Youth,Pomum YY-54,1859
Youth,Youth,Pomum YY-55,1860
Youth,Youth,Pomum YY-56,1861
Youth,Youth,Pomum YY-57,1862
Youth,Youth,Currus YY-01,2097
Youth,Youth,Currus YY-02,2098
Youth,Youth,Currus YY-03,2099
Youth,Youth,Currus YY-04,2100
Youth,Youth,Currus YY-05,2101
Youth,Youth,Aliqui YY-01,2392
Youth,Youth,Aliqui YY-02,2393
Youth,Youth,Aliqui YY-03,2394
Youth,Youth,Aliqui YY-04,2395
Youth,Youth,Aliqui YY-05,2396
Youth,Youth,Aliqui YY-06,2397
Youth,Youth,Aliqui YY-07,2398
Youth,Youth,Aliqui YY-08,2399
Youth,Youth,Aliqui YY-09,2400
Youth,Youth,Aliqui YY-10,2401
Youth,Youth,Aliqui YY-11,2402
Youth,Youth,Aliqui YY-12,2403
Youth,Youth,Aliqui YY-13,2404
Youth,Youth,Aliqui YY-14,2405
Youth,Youth,Aliqui YY-15,2406
Youth,Youth,Aliqui YY-16,2407
Youth,Youth,Aliqui YY-17,2408
Youth,Youth,Aliqui YY-18,2409
Youth,Youth,Aliqui YY-19,2410
Youth,Youth,Aliqui YY-20,2411
Youth,Youth,Aliqui YY-21,2412
Rural,Select,Quibus RS-01,1563
Rural,Select,Quibus RS-02,1564
Rural,Select,Quibus RS-03,1565
Rural,Select,Quibus RS-04,1566
Rural,Select,Quibus RS-05,1567
Rural,Select,Quibus RS-06,1568
Rural,Select,Quibus RS-07,1569
Rural,Select,Quibus RS-08,1570
Rural,Select,Quibus RS-09,1571
Rural,Select,Quibus RS-10,1572
Rural,Select,Quibus RS-11,1573
Rural,Select,Quibus RS-12,1574
Rural,Select,Quibus RS-13,1575
Rural,Select,Quibus RS-14,1576
Rural,Select,Quibus RS-15,1577
Rural,Select,Quibus RS-16,1578
Rural,Select,Quibus RS-17,1579
Rural,Select,Quibus RS-18,1580
Rural,Select,Quibus RS-19,1581
Rural,Select,Quibus RS-20,1582
Rural,Select,Quibus RS-21,1583
Rural,Select,Quibus RS-22,1584
Rural,Select,Quibus RS-23,1585
Rural,Select,Quibus RS-24,1586
Rural,Select,Quibus RS-25,1587
Rural,Select,Quibus RS-26,1588
Rural,Select,Quibus RS-27,1589
Rural,Select,Quibus RS-28,1590
Rural,Select,Quibus RS-29,1591
Rural,Select,Quibus RS-30,1592
Rural,Select,Quibus RS-31,1593
Rural,Select,Quibus RS-32,1594
Rural,Select,Quibus RS-33,1595
Rural,Select,Quibus RS-34,1596
Rural,Select,Quibus RS-35,1597
Rural,Select,Quibus RS-36,1598
Rural,Select,Quibus RS-37,1599
Rural,Select,Quibus RS-38,1600
Rural,Select,Quibus RS-39,1601
Rural,Select,Quibus RS-40,1602
Rural,Select,Quibus RS-41,1603
Rural,Select,Quibus RS-42,1604
Rural,Select,Quibus RS-43,1605
Rural,Select,Quibus RS-44,1606
Rural,Select,Quibus RS-45,1607
Rural,Select,Quibus RS-46,1608
Rural,Select,Quibus RS-47,1609
Rural,Select,Quibus RS-48,1610
Rural,Select,Quibus RS-49,1611
Rural,Select,Quibus RS-50,1612
Rural,Select,Quibus RS-51,1613
Rural,Select,Quibus RS-52,1614
Rural,Select,Quibus RS-53,1615
Rural,Select,Quibus RS-54,1616
Rural,Select,Quibus RS-55,1617
Rural,Select,Quibus RS-56,1618
Rural,Select,Quibus RS-57,1619
Rural,Select,Quibus RS-58,1620
Rural,Select,Quibus RS-59,1621
Rural,Select,Quibus RS-60,1622
Rural,Select,Quibus RS-61,1623
Rural,Select,Quibus RS-62,1624
Rural,Select,Quibus RS-63,1625
Rural,Select,Quibus RS-64,1626
Rural,Select,Quibus RS-65,1627
Rural,Select,Quibus RS-66,1628
Rural,Select,Quibus RS-67,1629
Rural,Select,Quibus RS-68,1630
Rural,Select,Quibus RS-69,1631
Rural,Select,Quibus RS-70,1632
Rural,Select,Quibus RS-71,1633
Rural,Select,Quibus RS-72,1634
Rural,Select,Quibus RS-73,1635
Rural,Select,Quibus RS-74,1636
Rural,Select,Quibus RS-75,1637
Rural,Select,Quibus RS-76,1638
Rural,Select,Quibus RS-77,1639
Rural,Select,Quibus RS-78,1640
Rural,Select,Quibus RS-79,1641
Rural,Select,Quibus RS-80,1642
Rural,Select,Quibus RS-81,1643
Rural,Select,Quibus RS-82,1644
Rural,Select,Quibus RS-83,1645
Rural,Select,Quibus RS-84,1646
Rural,Select,Quibus RS-85,1647
Rural,Select,Quibus RS-86,1648
Rural,Select,Quibus RS-87,1649
Rural,Select,Quibus RS-88,1650
Rural,Select,Quibus RS-89,1651
Rural,Select,Quibus RS-90,1652
Rural,Select,Quibus RS-91,1653
Rural,Select,Quibus RS-92,1654
Rural,Select,Quibus RS-93,1655
Rural,Select,Quibus RS-94,1656
Rural,Select,Quibus RS-95,1657
Rural,Select,Quibus RS-96,1658
Rural,Select,Quibus RS-97,1659
Rural,Select,Quibus RS-98,1660
Rural,Select,Quibus RS-99,1661
Rural,Select,Quibus RS-00,1662
Rural,Select,Quibus RS-01,1663
Rural,Select,Quibus RS-02,1664
Rural,Select,Quibus RS-03,1665
Rural,Select,Quibus RS-04,1666
Rural,Select,Quibus RS-05,1667
Mix,All Season,Quibus MA-01,1265
Mix,All Season,Quibus MA-02,1266
Mix,All Season,Quibus MA-03,1267
Mix,All Season,Quibus MA-04,1268
Mix,All Season,Quibus MA-05,1269
Mix,All Season,Quibus MA-06,1270
Mix,All Season,Quibus MA-07,1271
Mix,All Season,Quibus MA-08,1272
Mix,All Season,Quibus MA-09,1273
Mix,All Season,Quibus MA-10,1274
Mix,All Season,Quibus MA-11,1275
Mix,All Season,Quibus MA-12,1276
Mix,All Season,Quibus MA-13,1277
Mix,All Season,Quibus MA-14,1278
Mix,All Season,Quibus MA-15,1279
Mix,All Season,Quibus MA-16,1280
Mix,All Season,Quibus MA-17,1281
Mix,All Season,Quibus MA-18,1282
Mix,All Season,Quibus MA-19,1283
Mix,All Season,Quibus MA-20,1284
Mix,All Season,Quibus MA-21,1285
Mix,All Season,Quibus MA-22,1286
Mix,All Season,Quibus MA-23,1287
Mix,All Season,Quibus MA-24,1288
Mix,All Season,Quibus MA-25,1289
Mix,All Season,Quibus MA-26,1290
Mix,All Season,Quibus MA-27,1291
Mix,All Season,Quibus MA-28,1292
Mix,All Season,Quibus MA-29,1293
Mix,All Season,Quibus MA-30,1294
Mix,All Season,Quibus MA-31,1295
Mix,All Season,Quibus MA-32,1296
Mix,All Season,Quibus MA-33,1297
Mix,All Season,Quibus MA-34,1298
Mix,All Season,Quibus MA-35,1299
Mix,All Season,Quibus MA-36,1300
Mix,All Season,Quibus MA-37,1301
Mix,All Season,Quibus MA-38,1302
Mix,All Season,Quibus MA-39,1303
Mix,All Season,Quibus MA-40,1304
Mix,All Season,Quibus MA-41,1305
Mix,All Season,Quibus MA-42,1306
Mix,All Season,Quibus MA-43,1307
Mix,All Season,Quibus MA-44,1308
Rural,Productivity,Natura RP-01,713
Rural,Productivity,Natura RP-02,714
Rural,Productivity,Natura RP-03,715
Rural,Productivity,Natura RP-04,716
Rural,Productivity,Natura RP-05,717
Rural,Productivity,Natura RP-06,718
Rural,Productivity,Natura RP-07,719
Rural,Productivity,Natura RP-08,720
Rural,Productivity,Natura RP-09,721
Rural,Productivity,Natura RP-10,722
Rural,Productivity,Natura RP-11,723
Rural,Productivity,Natura RP-12,724
Rural,Productivity,Natura RP-13,725
Rural,Productivity,Natura RP-14,726
Rural,Productivity,Natura RP-15,727
Rural,Productivity,Natura RP-16,728
Rural,Productivity,Natura RP-17,729
Rural,Productivity,Natura RP-18,730
Rural,Productivity,Natura RP-19,731
Rural,Productivity,Natura RP-20,732
Rural,Productivity,Natura RP-21,733
Rural,Productivity,Natura RP-22,734
Rural,Productivity,Natura RP-23,735
Rural,Productivity,Natura RP-24,736
Rural,Productivity,Natura RP-25,737
Rural,Productivity,Natura RP-26,738
Rural,Productivity,Natura RP-27,739
Rural,Productivity,Natura RP-28,740
Rural,Productivity,Natura RP-29,741
Rural,Productivity,Natura RP-30,742
Rural,Productivity,Natura RP-31,743
Rural,Productivity,Natura RP-32,744
Rural,Productivity,Natura RP-33,745
Rural,Productivity,Natura RP-34,746
Rural,Productivity,Natura RP-35,747
Rural,Productivity,Natura RP-36,748
Rural,Productivity,Natura RP-37,749
Rural,Productivity,Natura RP-38,750
Rural,Productivity,Natura RP-39,751
Rural,Productivity,Natura RP-40,752
Rural,Productivity,Natura RP-41,753
Rural,Productivity,Natura RP-42,754
Rural,Productivity,Natura RP-43,755
Rural,Productivity,Natura RP-44,756
Rural,Productivity,Natura RP-45,757
Rural,Productivity,Natura RP-46,758
Rural,Productivity,Natura RP-47,759
Rural,Productivity,Natura RP-48,760
Rural,Productivity,Natura RP-49,761
Rural,Productivity,Natura RP-50,762
Rural,Productivity,Natura RP-51,763
Rural,Productivity,Natura RP-52,764
Rural,Productivity,Natura RP-53,765
Rural,Productivity,Natura RP-54,766
Rural,Productivity,Natura RP-55,767
Rural,Productivity,Natura RP-56,768
Rural,Productivity,Natura RP-57,769
Rural,Productivity,Natura RP-58,770
Rural,Productivity,Natura RP-59,771
Rural,Productivity,Natura RP-60,772
Rural,Productivity,Natura RP-61,773
Rural,Productivity,Natura RP-62,774
Rural,Productivity,Natura RP-63,775
Rural,Productivity,Natura RP-64,776
Rural,Productivity,Natura RP-65,777
Rural,Productivity,Natura RP-66,778
Rural,Productivity,Natura RP-67,779
Rural,Productivity,Natura RP-68,780
Rural,Productivity,Natura RP-69,781
Rural,Productivity,Natura RP-70,782
Rural,Productivity,Natura RP-71,783
Rural,Productivity,Natura RP-72,784
Rural,Productivity,Natura RP-73,785
Rural,Productivity,Natura RP-74,786
Rural,Productivity,Natura RP-75,787
Rural,Productivity,Natura RP-76,788
Rural,Productivity,Natura RP-77,789
Rural,Productivity,Natura RP-78,790
Rural,Productivity,Natura RP-79,791
Rural,Productivity,Natura RP-80,792
Rural,Productivity,Natura RP-81,793
Rural,Productivity,Natura RP-82,794
Rural,Productivity,Natura RP-83,795
Rural,Productivity,Natura RP-84,796
Rural,Productivity,Aliqui RP-01,2204
Rural,Productivity,Aliqui RP-02,2205
Rural,Productivity,Aliqui RP-03,2206
Rural,Productivity,Aliqui RP-04,2207
Rural,Productivity,Aliqui RP-05,2208
Rural,Productivity,Aliqui RP-06,2209
Rural,Productivity,Aliqui RP-07,2210
Rural,Productivity,Aliqui RP-08,2211
Rural,Productivity,Aliqui RP-09,2212
Rural,Productivity,Aliqui RP-10,2213
Rural,Productivity,Aliqui RP-11,2214
Rural,Productivity,Aliqui RP-12,2215
Rural,Productivity,Aliqui RP-13,2216
Rural,Productivity,Aliqui RP-14,2217
Rural,Productivity,Aliqui RP-15,2218
Rural,Productivity,Aliqui RP-16,2219
Rural,Productivity,Aliqui RP-17,2220
Rural,Productivity,Aliqui RP-18,2221
Rural,Productivity,Aliqui RP-19,2222
Rural,Productivity,Aliqui RP-20,2223
Rural,Productivity,Aliqui RP-21,2224
Rural,Productivity,Aliqui RP-22,2225
Rural,Productivity,Aliqui RP-23,2226
Rural,Productivity,Aliqui RP-24,2227
Rural,Productivity,Aliqui RP-25,2228
Rural,Productivity,Aliqui RP-26,2229
Rural,Productivity,Aliqui RP-27,2230
Rural,Productivity,Aliqui RP-28,2231
Rural,Productivity,Aliqui RP-29,2232
Rural,Productivity,Aliqui RP-30,2233
Rural,Productivity,Aliqui RP-31,2234
Rural,Productivity,Aliqui RP-32,2235
Rural,Productivity,Aliqui RP-33,2236
Rural,Productivity,Aliqui RP-34,2237
Rural,Productivity,Aliqui RP-35,2238
Rural,Productivity,Aliqui RP-36,2239
Rural,Productivity,Aliqui RP-37,2240
Rural,Productivity,Aliqui RP-38,2241
Rural,Productivity,Aliqui RP-39,2242
Rural,Productivity,Aliqui RP-40,2243
Rural,Productivity,Aliqui RP-41,2244
Rural,Productivity,Aliqui RP-42,2245
Rural,Productivity,Aliqui RP-43,2246
Rural,Productivity,Aliqui RP-44,2247
Rural,Productivity,Aliqui RP-45,2248
Rural,Productivity,Aliqui RP-46,2249
Rural,Productivity,Aliqui RP-47,2250
Rural,Productivity,Aliqui RP-48,2251
Rural,Productivity,Aliqui RP-49,2252
Rural,Productivity,Aliqui RP-50,2253
Rural,Productivity,Aliqui RP-51,2254
Rural,Productivity,Aliqui RP-52,2255
Rural,Productivity,Aliqui RP-53,2256
Rural,Productivity,Aliqui RP-54,2257
Rural,Productivity,Aliqui RP-55,2258
Rural,Productivity,Aliqui RP-56,2259
Rural,Productivity,Aliqui RP-57,2260
Rural,Productivity,Aliqui RP-58,2261
Rural,Productivity,Aliqui RP-59,2262
Rural,Productivity,Aliqui RP-60,2263
Rural,Productivity,Aliqui RP-61,2264
Rural,Productivity,Aliqui RP-62,2265
Rural,Productivity,Aliqui RP-63,2266
Rural,Productivity,Aliqui RP-64,2267
Rural,Productivity,Abbas RP-01,46
Rural,Productivity,Abbas RP-02,47
Rural,Productivity,Abbas RP-03,48
Rural,Productivity,Abbas RP-04,49
Rural,Productivity,Abbas RP-05,50
Rural,Productivity,Abbas RP-06,51
Rural,Productivity,Abbas RP-07,52
Rural,Productivity,Abbas RP-08,53
Rural,Productivity,Abbas RP-09,54
Rural,Productivity,Abbas RP-10,55
Rural,Productivity,Abbas RP-11,56
Rural,Productivity,Abbas RP-12,57
Rural,Productivity,Abbas RP-13,58
Rural,Productivity,Abbas RP-14,59
Rural,Productivity,Abbas RP-15,60
Rural,Productivity,Abbas RP-16,61
Rural,Productivity,Abbas RP-17,62
Rural,Productivity,Abbas RP-18,63
Rural,Productivity,Abbas RP-19,64
Rural,Productivity,Abbas RP-20,65
Rural,Productivity,Abbas RP-21,66
Rural,Productivity,Abbas RP-22,67
Rural,Productivity,Fama RP-01,213
Rural,Productivity,Fama RP-02,214
Rural,Productivity,Fama RP-03,215
Rural,Productivity,Fama RP-04,216
Rural,Productivity,Fama RP-05,217
Rural,Productivity,Fama RP-06,218
Rural,Productivity,Fama RP-07,219
Rural,Productivity,Fama RP-08,220
Rural,Productivity,Fama RP-09,221
Rural,Productivity,Fama RP-10,222
Rural,Productivity,Maximus RP-01,392
Rural,Productivity,Maximus RP-02,393
Rural,Productivity,Pirum RP-01,1055
Rural,Productivity,Pirum RP-02,1056
Rural,Productivity,Pirum RP-03,1057
Rural,Productivity,Pirum RP-04,1058
Rural,Productivity,Pirum RP-05,1059
Rural,Productivity,Pirum RP-06,1060
Rural,Productivity,Pirum RP-07,1061
Rural,Productivity,Pirum RP-08,1062
Rural,Productivity,Pirum RP-09,1063
Rural,Productivity,Pirum RP-10,1064
Rural,Productivity,Pirum RP-11,1065
Rural,Productivity,Pirum RP-12,1066
Rural,Productivity,Pirum RP-13,1067
Rural,Productivity,Pirum RP-14,1068
Rural,Productivity,Pirum RP-15,1069
Rural,Productivity,Pirum RP-16,1070
Rural,Productivity,Pirum RP-17,1071
Rural,Productivity,Pirum RP-18,1072
Rural,Productivity,Pirum RP-19,1073
Rural,Productivity,Pirum RP-20,1074
Rural,Productivity,Pirum RP-21,1075
Rural,Productivity,Pirum RP-22,1076
Rural,Productivity,Pirum RP-23,1077
Rural,Productivity,Pirum RP-24,1078
Rural,Productivity,Pirum RP-25,1079
Rural,Productivity,Pirum RP-26,1080
Rural,Productivity,Pirum RP-27,1081
Rural,Productivity,Pirum RP-28,1082
Rural,Productivity,Pirum RP-29,1083
Rural,Productivity,Pirum RP-30,1084
Rural,Productivity,Pirum RP-31,1085
Rural,Productivity,Pirum RP-32,1086
Rural,Productivity,Pirum RP-33,1087
Rural,Productivity,Pirum RP-34,1088
Rural,Productivity,Pirum RP-35,1089
Rural,Productivity,Pirum RP-36,1090
Rural,Productivity,Pirum RP-37,1091
Rural,Productivity,Pirum RP-38,1092
Rural,Productivity,Pirum RP-39,1093
Rural,Productivity,Pirum RP-40,1094
Rural,Productivity,Pirum RP-41,1095
Rural,Productivity,Pirum RP-42,1096
Rural,Productivity,Pirum RP-43,1097
Rural,Productivity,Pirum RP-44,1098
Rural,Productivity,Pirum RP-45,1099
Rural,Productivity,Pirum RP-46,1100
Rural,Productivity,Pirum RP-47,1101
Rural,Productivity,Pirum RP-48,1102
Rural,Productivity,Pirum RP-49,1103
Rural,Productivity,Pirum RP-50,1104
Rural,Productivity,Pirum RP-51,1105
Rural,Productivity,Pirum RP-52,1106
Rural,Productivity,Pirum RP-53,1107
Rural,Productivity,Pirum RP-54,1108
Rural,Productivity,Pirum RP-55,1109
Rural,Productivity,Pirum RP-56,1110
Rural,Productivity,Pirum RP-57,1111
Rural,Productivity,Pirum RP-58,1112
Rural,Productivity,Pomum RP-01,1732
Rural,Productivity,Pomum RP-02,1733
Rural,Productivity,Pomum RP-03,1734
Rural,Productivity,Pomum RP-04,1735
Rural,Productivity,Pomum RP-05,1736
Rural,Productivity,Pomum RP-06,1737
Rural,Productivity,Pomum RP-07,1738
Rural,Productivity,Pomum RP-08,1739
Rural,Productivity,Pomum RP-09,1740
Rural,Productivity,Pomum RP-10,1741
Rural,Productivity,Pomum RP-11,1742
Rural,Productivity,Pomum RP-12,1743
Rural,Productivity,Pomum RP-13,1744
Rural,Productivity,Pomum RP-14,1745
Rural,Productivity,Currus RP-01,1926
Rural,Productivity,Currus RP-02,1927
Rural,Productivity,Currus RP-03,1928
Rural,Productivity,Currus RP-04,1929
Rural,Productivity,Currus RP-05,1930
Rural,Productivity,Currus RP-06,1931
Rural,Productivity,Currus RP-07,1932
Rural,Productivity,Currus RP-08,1933
Rural,Productivity,Currus RP-09,1934
Rural,Productivity,Currus RP-10,1935
Rural,Productivity,Currus RP-11,1936
Rural,Productivity,Currus RP-12,1937
Rural,Productivity,Currus RP-13,1938
Rural,Productivity,Currus RP-14,1939
Rural,Productivity,Currus RP-15,1940
Rural,Productivity,Currus RP-16,1941
Rural,Productivity,Currus RP-17,1942
Rural,Productivity,Currus RP-18,1943
Rural,Productivity,Currus RP-19,1944
Rural,Productivity,Currus RP-20,1945
Rural,Productivity,Currus RP-21,1946
Rural,Productivity,Currus RP-22,1947
Rural,Productivity,Currus RP-23,1948
Rural,Productivity,Currus RP-24,1949
Rural,Productivity,Currus RP-25,1950
Rural,Productivity,Currus RP-26,1951
Rural,Productivity,Currus RP-27,1952
Rural,Productivity,Currus RP-28,1953
Rural,Productivity,Currus RP-29,1954
Rural,Productivity,Currus RP-30,1955
Rural,Productivity,Currus RP-31,1956
Rural,Productivity,Currus RP-32,1957
Rural,Productivity,Currus RP-33,1958
Rural,Productivity,Currus RP-34,1959
Rural,Productivity,Currus RP-35,1960
Rural,Productivity,Currus RP-36,1961
Rural,Productivity,Currus RP-37,1962
Rural,Productivity,Currus RP-38,1963
Rural,Productivity,Currus RP-39,1964
Rural,Productivity,Currus RP-40,1965
Rural,Productivity,Currus RP-41,1966
Rural,Productivity,Currus RP-42,1967
Rural,Productivity,Currus RP-43,1968
Rural,Productivity,Currus RP-44,1969
Rural,Productivity,Currus RP-45,1970
Rural,Productivity,Currus RP-46,1971
Rural,Productivity,Currus RP-47,1972
Rural,Productivity,Currus RP-48,1973
Rural,Productivity,Currus RP-49,1974
Rural,Productivity,Currus RP-50,1975
Rural,Productivity,Currus RP-51,1976
Rural,Productivity,Currus RP-52,1977
Rural,Productivity,Currus RP-53,1978
Rural,Productivity,Currus RP-54,1979
Rural,Productivity,Currus RP-55,1980
Rural,Productivity,Currus RP-56,1981
Rural,Productivity,Victoria RP-01,2108
Rural,Productivity,Victoria RP-02,2109
Rural,Productivity,Quibus RP-01,1309
Rural,Productivity,Quibus RP-02,1310
Rural,Productivity,Quibus RP-03,1311
Rural,Productivity,Quibus RP-04,1312
Rural,Productivity,Quibus RP-05,1313
Rural,Productivity,Quibus RP-06,1314
Rural,Productivity,Quibus RP-07,1315
Rural,Productivity,Quibus RP-08,1316
Rural,Productivity,Quibus RP-09,1317
Rural,Productivity,Quibus RP-10,1318
Rural,Productivity,Quibus RP-11,1319
Rural,Productivity,Quibus RP-12,1320
Rural,Productivity,Quibus RP-13,1321
Rural,Productivity,Quibus RP-14,1322
Rural,Productivity,Quibus RP-15,1323
Rural,Productivity,Quibus RP-16,1324
Rural,Productivity,Quibus RP-17,1325
Rural,Productivity,Quibus RP-18,1326
Rural,Productivity,Quibus RP-19,1327
Rural,Productivity,Quibus RP-20,1328
Rural,Productivity,Quibus RP-21,1329
Rural,Productivity,Quibus RP-22,1330
Rural,Productivity,Quibus RP-23,1331
Rural,Productivity,Quibus RP-24,1332
Rural,Productivity,Quibus RP-25,1333
Rural,Productivity,Quibus RP-26,1334
Rural,Productivity,Quibus RP-27,1335
Rural,Productivity,Quibus RP-28,1336
Rural,Productivity,Quibus RP-29,1337
Rural,Productivity,Quibus RP-30,1338
Rural,Productivity,Quibus RP-31,1339
Rural,Productivity,Quibus RP-32,1340
Rural,Productivity,Quibus RP-33,1341
Rural,Productivity,Quibus RP-34,1342
Rural,Productivity,Quibus RP-35,1343
Rural,Productivity,Quibus RP-36,1344
Rural,Productivity,Quibus RP-37,1345
Rural,Productivity,Quibus RP-38,1346
Rural,Productivity,Quibus RP-39,1347
Rural,Productivity,Quibus RP-40,1348
Rural,Productivity,Quibus RP-41,1349
Rural,Productivity,Quibus RP-42,1350
Rural,Productivity,Quibus RP-43,1351
Rural,Productivity,Quibus RP-44,1352
Rural,Productivity,Quibus RP-45,1353
Rural,Productivity,Quibus RP-46,1354
Rural,Productivity,Quibus RP-47,1355
Rural,Productivity,Quibus RP-48,1356
Rural,Productivity,Quibus RP-49,1357
Rural,Productivity,Quibus RP-50,1358
Rural,Productivity,Quibus RP-51,1359
Rural,Productivity,Quibus RP-52,1360
Rural,Productivity,Quibus RP-53,1361
Rural,Productivity,Quibus RP-54,1362
Rural,Productivity,Quibus RP-55,1363
Rural,Productivity,Quibus RP-56,1364
Rural,Productivity,Quibus RP-57,1365
Rural,Productivity,Quibus RP-58,1366
Rural,Productivity,Quibus RP-59,1367
Rural,Productivity,Quibus RP-60,1368
Rural,Productivity,Quibus RP-61,1369
Rural,Productivity,Quibus RP-62,1370
Rural,Productivity,Quibus RP-63,1371
Rural,Productivity,Quibus RP-64,1372
Rural,Productivity,Quibus RP-65,1373
Rural,Productivity,Quibus RP-66,1374
Rural,Productivity,Quibus RP-67,1375
Rural,Productivity,Quibus RP-68,1376
Rural,Productivity,Quibus RP-69,1377
Rural,Productivity,Quibus RP-70,1378
Rural,Productivity,Quibus RP-71,1379
Rural,Productivity,Quibus RP-72,1380
Rural,Productivity,Quibus RP-73,1381
Rural,Productivity,Quibus RP-74,1382
Rural,Productivity,Quibus RP-75,1383
Rural,Productivity,Quibus RP-76,1384
Rural,Productivity,Quibus RP-77,1385
Rural,Productivity,Quibus RP-78,1386
Rural,Productivity,Quibus RP-79,1387
Rural,Productivity,Quibus RP-80,1388
Rural,Productivity,Quibus RP-81,1389
Rural,Productivity,Quibus RP-82,1390
Rural,Productivity,Quibus RP-83,1391
Rural,Productivity,Quibus RP-84,1392
Rural,Productivity,Quibus RP-85,1393
Rural,Productivity,Quibus RP-86,1394
Rural,Productivity,Quibus RP-87,1395
Rural,Productivity,Quibus RP-88,1396
Rural,Productivity,Quibus RP-89,1397
Rural,Productivity,Quibus RP-90,1398
Rural,Productivity,Quibus RP-91,1399
Rural,Productivity,Quibus RP-92,1400
Rural,Productivity,Quibus RP-93,1401
Rural,Productivity,Quibus RP-94,1402
Rural,Productivity,Quibus RP-95,1403
Rural,Productivity,Quibus RP-96,1404
Rural,Productivity,Quibus RP-97,1405
Rural,Productivity,Quibus RP-98,1406
Rural,Productivity,Quibus RP-99,1407
Rural,Productivity,Quibus RP-00,1408
Rural,Productivity,Quibus RP-01,1409
Rural,Productivity,Quibus RP-02,1410
Rural,Productivity,Quibus RP-03,1411
Rural,Productivity,Quibus RP-04,1412
Rural,Productivity,Quibus RP-05,1413
Rural,Productivity,Quibus RP-06,1414
Rural,Productivity,Quibus RP-07,1415
Rural,Productivity,Quibus RP-08,1416
Rural,Productivity,Quibus RP-09,1417
Rural,Productivity,Quibus RP-10,1418
Rural,Productivity,Quibus RP-11,1419
Rural,Productivity,Quibus RP-12,1420
Rural,Productivity,Quibus RP-13,1421
Rural,Productivity,Quibus RP-14,1422
Rural,Productivity,Quibus RP-15,1423
Rural,Productivity,Quibus RP-16,1424
Rural,Productivity,Quibus RP-17,1425
Rural,Productivity,Quibus RP-18,1426
Rural,Productivity,Quibus RP-19,1427
Rural,Productivity,Quibus RP-20,1428
Rural,Productivity,Quibus RP-21,1429
Rural,Productivity,Quibus RP-22,1430
Rural,Productivity,Quibus RP-23,1431
Rural,Productivity,Quibus RP-24,1432
Rural,Productivity,Quibus RP-25,1433
Rural,Productivity,Quibus RP-26,1434
Rural,Productivity,Quibus RP-27,1435
Rural,Productivity,Quibus RP-28,1436
Rural,Productivity,Quibus RP-29,1437
Rural,Productivity,Quibus RP-30,1438
Rural,Productivity,Quibus RP-31,1439
Rural,Productivity,Quibus RP-32,1440
Rural,Productivity,Quibus RP-33,1441
Rural,Productivity,Quibus RP-34,1442
Rural,Productivity,Quibus RP-35,1443
Rural,Productivity,Quibus RP-36,1444
Rural,Productivity,Quibus RP-37,1445
Rural,Productivity,Quibus RP-38,1446
Rural,Productivity,Quibus RP-39,1447
Rural,Productivity,Quibus RP-40,1448
Rural,Productivity,Quibus RP-41,1449
Rural,Productivity,Quibus RP-42,1450
Rural,Productivity,Quibus RP-43,1451
Rural,Productivity,Quibus RP-44,1452
Rural,Productivity,Quibus RP-45,1453
Rural,Productivity,Quibus RP-46,1454
Rural,Productivity,Quibus RP-47,1455
Rural,Productivity,Quibus RP-48,1456
Rural,Productivity,Quibus RP-49,1457
Rural,Productivity,Quibus RP-50,1458
Rural,Productivity,Quibus RP-51,1459
Rural,Productivity,Quibus RP-52,1460
Rural,Productivity,Quibus RP-53,1461
Rural,Productivity,Quibus RP-54,1462
Rural,Productivity,Quibus RP-55,1463
Rural,Productivity,Quibus RP-56,1464
Rural,Productivity,Quibus RP-57,1465
Rural,Productivity,Quibus RP-58,1466
Rural,Productivity,Quibus RP-59,1467
Rural,Productivity,Quibus RP-60,1468
Rural,Productivity,Quibus RP-61,1469
Rural,Productivity,Quibus RP-62,1470
Rural,Productivity,Quibus RP-63,1471
Rural,Productivity,Quibus RP-64,1472
Rural,Productivity,Quibus RP-65,1473
Rural,Productivity,Quibus RP-66,1474
Rural,Productivity,Quibus RP-67,1475
Rural,Productivity,Quibus RP-68,1476
Rural,Productivity,Quibus RP-69,1477
Rural,Productivity,Quibus RP-70,1478
Rural,Productivity,Quibus RP-71,1479
Rural,Productivity,Quibus RP-72,1480
Rural,Productivity,Quibus RP-73,1481
Rural,Productivity,Quibus RP-74,1482
Rural,Productivity,Quibus RP-75,1483
Rural,Productivity,Quibus RP-76,1484
Rural,Productivity,Quibus RP-77,1485
Rural,Productivity,Quibus RP-78,1486
Rural,Productivity,Quibus RP-79,1487
Rural,Productivity,Quibus RP-80,1488
Rural,Productivity,Quibus RP-81,1489
Rural,Productivity,Quibus RP-82,1490
Rural,Productivity,Quibus RP-83,1491
Rural,Productivity,Quibus RP-84,1492
Rural,Productivity,Quibus RP-85,1493
Rural,Productivity,Quibus RP-86,1494
Rural,Productivity,Quibus RP-87,1495
Rural,Productivity,Quibus RP-88,1496
Rural,Productivity,Quibus RP-89,1497
Rural,Productivity,Quibus RP-90,1498
Rural,Productivity,Quibus RP-91,1499
Rural,Productivity,Quibus RP-92,1500
Rural,Productivity,Quibus RP-93,1501
Rural,Productivity,Quibus RP-94,1502
Rural,Productivity,Quibus RP-95,1503
Rural,Productivity,Quibus RP-96,1504
Rural,Productivity,Quibus RP-97,1505
Rural,Productivity,Quibus RP-98,1506
Rural,Productivity,Quibus RP-99,1507
Rural,Productivity,Quibus RP-00,1508
Rural,Productivity,Quibus RP-01,1509
Rural,Productivity,Quibus RP-02,1510
Rural,Productivity,Quibus RP-03,1511
Rural,Productivity,Quibus RP-04,1512
Rural,Productivity,Quibus RP-05,1513
Rural,Productivity,Quibus RP-06,1514
Rural,Productivity,Quibus RP-07,1515
Rural,Productivity,Quibus RP-08,1516
Rural,Productivity,Quibus RP-09,1517
Rural,Productivity,Quibus RP-10,1518
Rural,Productivity,Quibus RP-11,1519
Rural,Productivity,Quibus RP-12,1520
Rural,Productivity,Quibus RP-13,1521
Rural,Productivity,Quibus RP-14,1522
Rural,Productivity,Quibus RP-15,1523
Rural,Productivity,Quibus RP-16,1524
Rural,Productivity,Quibus RP-17,1525
Rural,Productivity,Quibus RP-18,1526
Rural,Productivity,Quibus RP-19,1527
Rural,Productivity,Quibus RP-20,1528
Rural,Productivity,Quibus RP-21,1529
Rural,Productivity,Quibus RP-22,1530
Rural,Productivity,Quibus RP-23,1531
Rural,Productivity,Quibus RP-24,1532
Rural,Productivity,Quibus RP-25,1533
Rural,Productivity,Quibus RP-26,1534
Rural,Productivity,Quibus RP-27,1535
Rural,Productivity,Quibus RP-28,1536
Rural,Productivity,Quibus RP-29,1537
Rural,Productivity,Quibus RP-30,1538
Rural,Productivity,Quibus RP-31,1539
Rural,Productivity,Quibus RP-32,1540
Rural,Productivity,Quibus RP-33,1541
Rural,Productivity,Quibus RP-34,1542
Rural,Productivity,Quibus RP-35,1543
Rural,Productivity,Quibus RP-36,1544
Rural,Productivity,Quibus RP-37,1545
Rural,Productivity,Quibus RP-38,1546
Rural,Productivity,Quibus RP-39,1547
Rural,Productivity,Quibus RP-40,1548
Rural,Productivity,Quibus RP-41,1549
Rural,Productivity,Quibus RP-42,1550
Rural,Productivity,Quibus RP-43,1551
Rural,Productivity,Quibus RP-44,1552
Rural,Productivity,Quibus RP-45,1553
Rural,Productivity,Quibus RP-46,1554
Rural,Productivity,Quibus RP-47,1555
Rural,Productivity,Quibus RP-48,1556
Rural,Productivity,Quibus RP-49,1557
Rural,Productivity,Quibus RP-50,1558
Rural,Productivity,Quibus RP-51,1559
Rural,Productivity,Quibus RP-52,1560
Rural,Productivity,Quibus RP-53,1561
Rural,Productivity,Quibus RP-54,1562
Mix,Productivity,Quibus MP-01,1233
Mix,Productivity,Quibus MP-02,1234
Mix,Productivity,Quibus MP-03,1235
Mix,Productivity,Quibus MP-04,1236
Mix,Productivity,Quibus MP-05,1237
Mix,Productivity,Quibus MP-06,1238
Mix,Productivity,Quibus MP-07,1239
Mix,Productivity,Quibus MP-08,1240
Mix,Productivity,Quibus MP-09,1241
Mix,Productivity,Quibus MP-10,1242
Mix,Productivity,Quibus MP-11,1243
Mix,Productivity,Quibus MP-12,1244
Mix,Productivity,Quibus MP-13,1245
Mix,Productivity,Quibus MP-14,1246
Mix,Productivity,Quibus MP-15,1247
Mix,Productivity,Quibus MP-16,1248
Mix,Productivity,Quibus MP-17,1249
Mix,Productivity,Quibus MP-18,1250
Mix,Productivity,Quibus MP-19,1251
Mix,Productivity,Quibus MP-20,1252
Mix,Productivity,Quibus MP-21,1253
Mix,Productivity,Quibus MP-22,1254
Mix,Productivity,Quibus MP-23,1255
Mix,Productivity,Quibus MP-24,1256
Mix,Productivity,Quibus MP-25,1257
Mix,Productivity,Quibus MP-26,1258
Mix,Productivity,Quibus MP-27,1259
Mix,Productivity,Quibus MP-28,1260
Mix,Productivity,Quibus MP-29,1261
Mix,Productivity,Quibus MP-30,1262
Mix,Productivity,Quibus MP-31,1263
Mix,Productivity,Quibus MP-32,1264
